Thời Gian,Số Vé May Mắn,Họ Và Tên,Số Điện Thoại,CCCD (6 số cuối),Sàn Phân Phối,Email,Trạng Thái,Lead ID,Biên Lai (Receipt ID)
08/10/2026 08:47:51,NP-2026-0001,Lâm Hoài Nam,0909366096,006441,T&A,lamhoainamvp1996@gmail.com,HỢP LỆ,lead_1791424071711_inkqki,rcpt_1791424071711_dmun4f
08/10/2026 08:48:05,NP-2026-0002,Nguyễn Thị Thảo Sương,0939766227,015671,HOMEDAY,thaosuong2205@gmail.com,HỢP LỆ,lead_1791424085236_lfaibd,rcpt_1791424085236_rqjeua
08/10/2026 08:48:11,NP-2026-0003,Lê Hoàng Vy,0707810981,001965,ERA,levy.era.vn@gmail.com,HỢP LỆ,lead_1791424091822_a8ticn,rcpt_1791424091822_201kwb
08/10/2026 08:48:12,NP-2026-0004,nguyen truc linh,0946600108,003286,ERA,linh.ctyluna@gmail.com,HỢP LỆ,lead_1791424092729_0do2ms,rcpt_1791424092729_4ibz4c
08/10/2026 08:48:16,NP-2026-0005,Trần Thị Kim Song,0932113416,001556,CHÂU ĐẠI DƯƠNG,kimsongtran09@gmail.com,HỢP LỆ,lead_1791424096176_abcw1g,rcpt_1791424096176_cwyq7x
08/10/2026 08:48:23,NP-2026-0006,Khương Thị Hương,0902911839,027389,T&A,khuongthihuongbrl@gmail.com,HỢP LỆ,lead_1791424103124_1scs3c,rcpt_1791424103124_z64r9y
08/10/2026 08:48:23,NP-2026-0007,Nguyễn Anh Tú,0978618149,009274,ERA,nguyenanhtu0104@gmail.com,HỢP LỆ,lead_1791424103867_l00lrp,rcpt_1791424103867_n76nde
08/10/2026 08:48:24,NP-2026-0008,Nguyễn Thị Tuyết Nhung,0938835512,018657,T&A,tuyetnhung.ta.1368@gmail.com,HỢP LỆ,lead_1791424104254_2amoeq,rcpt_1791424104254_625mly
08/10/2026 08:48:24,NP-2026-0009,Tô Ngọc Đông,0901869986,008293,BAM LAND,ngocdongland@gmail.com,HỢP LỆ,lead_1791424104651_8oewgw,rcpt_1791424104651_byxlyl
08/10/2026 08:48:29,NP-2026-0010,Ly Thanh Khanh,0937755527,008328,GEMS LAND,thanhkhanh91@gmail.com,HỢP LỆ,lead_1791424109830_c48bxy,rcpt_1791424109830_91hb7g
08/10/2026 08:48:41,NP-2026-0011,Nguyễn Đình Phúc,0989269495,010668,AN KHANG HOMES,nguyendinhphuc122001@gmail.com,HỢP LỆ,lead_1791424121001_y8o4y8,rcpt_1791424121001_60suex
08/10/2026 08:48:43,NP-2026-0012,Nguyễn Quốc Việt,0931334204,008248,LIÊN GIA LAND,vietn0202@gmail.com,HỢP LỆ,lead_1791424123533_4atib7,rcpt_1791424123533_tn4mym
08/10/2026 08:48:44,NP-2026-0013,Trần Thạch thanh Hoài,0968960095,015924,SGROUP,harryhoai.sgroup@gmail.con,HỢP LỆ,lead_1791424124372_nwgxni,rcpt_1791424124372_a8x3p8
08/10/2026 08:48:54,NP-2026-0014,Nguyễn Thành Tín,0903199086,014002,PITALAND,thanhtinnguyen2604@gmail.com,HỢP LỆ,lead_1791424134804_4brefp,rcpt_1791424134804_c516i0
08/10/2026 08:48:58,NP-2026-0015,Nguyễn Thị Ly Ly,0932554939,009899,KHẢI MINH LAND,lyly0404@gmail.com,HỢP LỆ,lead_1791424138143_gz0e1v,rcpt_1791424138143_568xuz
08/10/2026 08:48:59,NP-2026-0016,Đỗ Thị Thanh Vượng,0942221199,010129,ERA,,HỢP LỆ,lead_1791424139402_8wwcqs,rcpt_1791424139402_l7ztgo
08/10/2026 08:49:00,NP-2026-0017,Phan Thị Như Quỳnh,0862668643,009354,IQI,quynhabu97@gmail.com,HỢP LỆ,lead_1791424140569_nxjwrc,rcpt_1791424140569_dvf4hn
08/10/2026 08:49:02,NP-2026-0018,Bùi Nguyễn Đăng Khoa,0816440046,000055,EMG,dangkhoa14820@gmail.com,HỢP LỆ,lead_1791424142424_8yjuvj,rcpt_1791424142425_gsoqx6
08/10/2026 08:49:06,NP-2026-0019,Đỗ Thị Kim Yến,0931149027,194010,ERA,kimyen0169@gmail.com,HỢP LỆ,lead_1791424146932_32vdc4,rcpt_1791424146932_b0k43g
08/10/2026 08:49:07,NP-2026-0020,Huỳnh Phú Bình,0855971053,009367,SGROUP,vincentbinh.sgroup@gmail.com,HỢP LỆ,lead_1791424147193_zb8rql,rcpt_1791424147193_42wngw
08/10/2026 08:49:13,NP-2026-0021,Trần Ngọc Hà,0947785233,002464,PEGASUS,rincypinkk@gmail.com,HỢP LỆ,lead_1791424153041_3j5guz,rcpt_1791424153041_3iaj10
08/10/2026 08:49:13,NP-2026-0022,Huỳnh Lê Long Huỳnh,0778064969,000031,PEGASUS,huynh201288@gmail.com,HỢP LỆ,lead_1791424153160_vkmm0m,rcpt_1791424153160_e757h6
08/10/2026 08:49:14,NP-2026-0023,Nguyễn Vũ Tuấn Anh,0912577019,001439,SAVILLS,nvutuananh@savills.com.vn,HỢP LỆ,lead_1791424154040_oqx74b,rcpt_1791424154040_joilic
08/10/2026 08:49:15,NP-2026-0024,Trần Anh Kiệt,0938387794,009423,KZEN,trananhkiet4920@gmail.com,HỢP LỆ,lead_1791424155084_2kioa2,rcpt_1791424155084_cbwjfe
08/10/2026 08:49:15,NP-2026-0025,Huỳnh Tấn Lộc,0948003509,013594,KZEN,htlent.work@gmail.com,HỢP LỆ,lead_1791424155833_ycqwxe,rcpt_1791424155833_e9s25s
08/10/2026 08:49:18,NP-2026-0026,Nguyễn Minh Sơn,0909268936,009572,BAM LAND,admin.chudautu@gmail.com,HỢP LỆ,lead_1791424158193_nw7cfg,rcpt_1791424158193_jx449z
08/10/2026 08:49:18,NP-2026-0027,Trịnh Duy Thanh,0901923368,008599,GEMS LAND,duythanh0409@gmail.com,HỢP LỆ,lead_1791424158545_iteo41,rcpt_1791424158545_4ebbfi
08/10/2026 08:49:18,NP-2026-0028,Nguyễn Thanh Danh,0349662495,007665,KHẢI MINH LAND,danhnguyen0297@gmail.com,HỢP LỆ,lead_1791424158810_c3jqev,rcpt_1791424158810_hc8xpx
08/10/2026 08:49:18,NP-2026-0029,Đỗ Duy Hải,0965831554,010804,AN KHANG HOMES,dhai15112004@gmail.com,HỢP LỆ,lead_1791424158847_834j5v,rcpt_1791424158847_d3wutz
08/10/2026 08:49:19,NP-2026-0030,Nguyễn Trường Đang,0336369603,003891,CHÂU ĐẠI DƯƠNG,truongdangmkt@gmail.com,HỢP LỆ,lead_1791424159955_34sf5n,rcpt_1791424159955_pektv5
08/10/2026 08:49:19,NP-2026-0031,Trương Hữu Huỳnh,0877776678,013422,EMG,huynh77776678@gmail.com,HỢP LỆ,lead_1791424159978_ln7w1w,rcpt_1791424159978_kir57d
08/10/2026 08:49:20,NP-2026-0032,Trần Phương Linh,0964270624,001145,SGROUP,tranphuonglinh1501@gmail.com,HỢP LỆ,lead_1791424160157_ezz1kk,rcpt_1791424160157_jq66yz
08/10/2026 08:49:20,NP-2026-0033,Trương Hoàng Giang,0935771643,008091,TNP HOLDINGS,giangth2803@gmail.com,HỢP LỆ,lead_1791424160210_p0u01i,rcpt_1791424160210_2o4yyq
08/10/2026 08:49:22,NP-2026-0034,Trần Văn Chiến,0985275857,006969,PITALAND,tvchien2002@gmail.com,HỢP LỆ,lead_1791424162819_kgw5b1,rcpt_1791424162819_f7g7yi
08/10/2026 08:49:24,NP-2026-0035,Nguyễn Trung Tín,0886731768,002857,ERA,,HỢP LỆ,lead_1791424164204_i9z5ha,rcpt_1791424164204_d6s04t
08/10/2026 08:49:25,NP-2026-0036,Mai Ngô Văn Hiếu,0394153600,009603,AN KHANG HOMES,maingovanhieu1@gmail.com,HỢP LỆ,lead_1791424165191_v9nseu,rcpt_1791424165191_msjj8i
08/10/2026 08:49:25,NP-2026-0037,Phan Thanh Vị,0909694935,000022,ERA,phanv56084@gmail.com,HỢP LỆ,lead_1791424165867_0l8nca,rcpt_1791424165867_9j8ybd
08/10/2026 08:49:26,NP-2026-0038,Phan Đăng Quang,0972149464,028356,CBC,phandangquang1301@gmail.com,HỢP LỆ,lead_1791424166826_2zq6qd,rcpt_1791424166826_cappq9
08/10/2026 08:49:27,NP-2026-0039,Trần Xuân Huy,0342345962,016086,AN KHANG HOMES,ht21102k6@gmail.com,HỢP LỆ,lead_1791424167205_qdr2vh,rcpt_1791424167205_t3iles
08/10/2026 08:49:28,NP-2026-0040,Nguyễn Thế Công,0935887488,013960,BAM LAND,thecong.hcm@gmail.com,HỢP LỆ,lead_1791424168256_t11tbq,rcpt_1791424168256_3v3syf
08/10/2026 08:49:29,NP-2026-0041,Hồ Thị Kim Anh,0905749488,009930,AN KHANG HOMES,msanh1996@gmail.com,HỢP LỆ,lead_1791424169602_k0gi6o,rcpt_1791424169602_debzlj
08/10/2026 08:49:30,NP-2026-0042,NGUYỄN THỊ LAN ANH,0945257587,010402,TNP HOLDINGS,lananh156253@gmail.com,HỢP LỆ,lead_1791424170535_nbmdl8,rcpt_1791424170535_l0s1w5
08/10/2026 08:49:31,NP-2026-0043,Huỳnh Chí Hiếu,0901000031,006446,KZEN,huynhhieu.bds@gmail.com,HỢP LỆ,lead_1791424171407_4mmekh,rcpt_1791424171407_mvz9ga
08/10/2026 08:49:32,NP-2026-0044,Huỳnh Thanh Sang,0907971369,000111,NOVAZON,,HỢP LỆ,lead_1791424172043_vs27s9,rcpt_1791424172043_gdhdi8
08/10/2026 08:49:32,NP-2026-0045,Nguyễn Minh Tâm,0973882297,008969,IQI,minhtamiuh@gmail.com,HỢP LỆ,lead_1791424172089_w1qec5,rcpt_1791424172089_4flw0c
08/10/2026 08:49:32,NP-2026-0046,Nguyễn Thành Vinh,0825983333,055066,T&A,thanhvinhnguyen.bds@gmail.com,HỢP LỆ,lead_1791424172230_mect5f,rcpt_1791424172230_ahbpi6
08/10/2026 08:49:32,NP-2026-0047,Lê Trần Hoài Vũ,0931958696,016038,T&A,letranhoaivu@gmail.com,HỢP LỆ,lead_1791424172396_r6h02r,rcpt_1791424172396_lxlds8
08/10/2026 08:49:32,NP-2026-0048,HOÀNG THỊ HƯƠNG GIANG,0966953556,008656,IQI,huonggiang.realty@gmail.com,HỢP LỆ,lead_1791424172574_rri84q,rcpt_1791424172574_4ts6iq
08/10/2026 08:49:34,NP-2026-0049,NGUYỄN THỊ NGỌC ANH,0901396236,011466,BAM LAND,nguyennanh1601@gmail.com,HỢP LỆ,lead_1791424174752_wylhw5,rcpt_1791424174752_cajjlo
08/10/2026 08:49:35,NP-2026-0050,Hoàng Thị Quế Chi,0902611882,022505,ERA,hoangchiland16@gmail.com,HỢP LỆ,lead_1791424175516_fgr1s6,rcpt_1791424175516_f4qx4x
08/10/2026 08:49:35,NP-2026-0051,Nguyễn Thị Xuân Mai,0363410626,013162,SGROUP,chloemai.sgroup@gmail.com,HỢP LỆ,lead_1791424175534_ovb31f,rcpt_1791424175534_rm6pus
08/10/2026 08:49:35,NP-2026-0052,HUỲNH KIM PHÚ,0909208796,011306,BAM LAND,huynhkimphu88@yahoo.com,HỢP LỆ,lead_1791424175668_bhvbzt,rcpt_1791424175668_nij4fr
08/10/2026 08:49:36,NP-2026-0053,PHÙNG ĐẠI NHÂN,0325110994,600094,NEWSTARHOMES,nhanpd@newstarland.com,HỢP LỆ,lead_1791424176168_7kkpjz,rcpt_1791424176168_ivbh53
08/10/2026 08:49:36,NP-2026-0054,Võ Thị Hồng Phương,0938969793,001840,T&A,,HỢP LỆ,lead_1791424176603_w331hk,rcpt_1791424176603_ndfswp
08/10/2026 08:49:36,NP-2026-0055,Lê Minh Tuấn,0947711639,000139,GEMS LAND,leminhtuan1511639@gmail.com,HỢP LỆ,lead_1791424176635_j1a691,rcpt_1791424176635_cj7wgc
08/10/2026 08:49:36,NP-2026-0056,Phạm Minh Toàn,0909935229,002507,VIỆT NAM LAND,minhtoan2106@gmail.com,HỢP LỆ,lead_1791424176782_rm2d9v,rcpt_1791424176782_jcb5fj
08/10/2026 08:49:37,NP-2026-0057,Bùi Linh Tâm,0909720157,010010,TNP HOLDINGS,linhtam991@gmail.com,HỢP LỆ,lead_1791424177303_25zquu,rcpt_1791424177303_9mwq8l
08/10/2026 08:49:37,NP-2026-0058,Trần Thị Kim Hằng,0908773102,001305,NEWSTARHOMES,,HỢP LỆ,lead_1791424177552_avsoaz,rcpt_1791424177552_u4949b
08/10/2026 08:49:38,NP-2026-0059,Lê Tấn Công,0961929067,005353,EMG,letancong554@gmail.com,HỢP LỆ,lead_1791424178343_erqvgh,rcpt_1791424178343_hmq0cd
08/10/2026 08:49:38,NP-2026-0060,Cao Thị Ngọc Hân,0987230602,001664,CHÂU ĐẠI DƯƠNG,caohan07@gmail.com,HỢP LỆ,lead_1791424178747_u67nwf,rcpt_1791424178747_ylq4l3
08/10/2026 08:49:39,NP-2026-0061,Phạm Ngọc Hiền,0908520267,000190,TNP HOLDINGS,hien37739@gmail.com,HỢP LỆ,lead_1791424179708_ic3z89,rcpt_1791424179708_rzdpnn
08/10/2026 08:49:40,NP-2026-0062,Lê Thị Thanh Sa,0779459236,001466,HOMEDAY,lettsa3010@gmail.com,HỢP LỆ,lead_1791424180191_n7c1lw,rcpt_1791424180191_n4niva
08/10/2026 08:49:40,NP-2026-0063,Phạm Việt Hoà,0918724861,017359,CBC,phamviethoa1910@gmail.com,HỢP LỆ,lead_1791424180238_epknkq,rcpt_1791424180238_7hjneb
08/10/2026 08:49:41,NP-2026-0064,Nguyễn Hoàng Giang,0949160826,019717,VIỆT NAM LAND,,HỢP LỆ,lead_1791424181313_xgpuia,rcpt_1791424181313_1hygu2
08/10/2026 08:49:42,NP-2026-0065,Trần Gia Phong,0704580914,016623,DIAMOND LINKS,tranphong.realestate@gmail.com,HỢP LỆ,lead_1791424182228_9limza,rcpt_1791424182228_fa53s8
08/10/2026 08:49:43,NP-2026-0066,Nguyễn Thị Quý Lê,0905593447,007026,HOMEDAY,,HỢP LỆ,lead_1791424183159_ndu01j,rcpt_1791424183159_sw93km
08/10/2026 08:49:43,NP-2026-0067,Nguyễn Đăng Nguyên,0968691906,006732,DIAMOND LINKS,nguyenthuthiemq3@gmail.com,HỢP LỆ,lead_1791424183734_e0b5dc,rcpt_1791424183734_use9gq
08/10/2026 08:49:43,NP-2026-0068,Chu Lưu Quỳnh Như,0974628500,011305,HOMEDAY,chuluuquynhnhu205@gmail.com,HỢP LỆ,lead_1791424183821_ej8rta,rcpt_1791424183821_29bqeu
08/10/2026 08:49:44,NP-2026-0069,Trương Văn Đoàn,0902606702,015562,T&A,,HỢP LỆ,lead_1791424184622_s659w2,rcpt_1791424184622_1ho10c
08/10/2026 08:49:47,NP-2026-0070,ĐẬU VĂN NGHĨA,0359984553,002226,AN KHANG HOMES,dauvannghia1vn@gmail.com,HỢP LỆ,lead_1791424187460_iubgde,rcpt_1791424187460_2thfnw
08/10/2026 08:49:47,NP-2026-0071,Tăng Sô Ra Da,0947188444,006255,ERA,soradatang@gmail.com,HỢP LỆ,lead_1791424187602_ypakep,rcpt_1791424187602_nj2pnc
08/10/2026 08:49:48,NP-2026-0072,Luu Vu Minh Xuan,0934211533,015857,VIET NAM PROPERTY,minhxuan84180@gmail.com,HỢP LỆ,lead_1791424188350_5ga0zy,rcpt_1791424188350_c4gd59
08/10/2026 08:49:49,NP-2026-0073,Lâm Thanh Xuân,0902827007,016576,GLOBAL HOMES,xrealtorcorp@gmail.com,HỢP LỆ,lead_1791424189090_7zp9f4,rcpt_1791424189090_ygl2k3
08/10/2026 08:49:49,NP-2026-0074,Trần Văn Thắng,0385930560,009179,PITALAND,tranvanthang2002bp@gmail.com,HỢP LỆ,lead_1791424189112_ad1oe9,rcpt_1791424189112_15ugpj
08/10/2026 08:49:49,NP-2026-0075,Phạm Phương Nam,0377234952,011131,TNP HOLDINGS,phuongnamct.company@gmail.com,HỢP LỆ,lead_1791424189114_6r7p62,rcpt_1791424189114_tkvscx
08/10/2026 08:49:49,NP-2026-0076,Nguyễn Thị Xuân Sang,0345291444,013559,T&A,xuansang1444@agmail.com,HỢP LỆ,lead_1791424189159_is6f54,rcpt_1791424189159_7kxmwe
08/10/2026 08:49:49,NP-2026-0077,Nguyen Quang Truong,0902924464,013429,SAVILLS,,HỢP LỆ,lead_1791424189173_onwehq,rcpt_1791424189173_mn74fz
08/10/2026 08:49:50,NP-2026-0078,Nguyễn Thị Chúc Linh,0886677593,009340,IQI,nguyenthichuclinh987@gmail.com,HỢP LỆ,lead_1791424190437_0gbcnq,rcpt_1791424190437_91di6q
08/10/2026 08:49:51,NP-2026-0079,Võ Quốc Truyền,0909355457,005263,NEWSTARHOMES,voquoctruyen@gmail.com,HỢP LỆ,lead_1791424191643_3j2cls,rcpt_1791424191643_9p4wkc
08/10/2026 08:49:52,NP-2026-0080,NGUYỄN HỮU LỘC,0949080793,002409,SMARTLAND,nguyenloc@smartland.vn,HỢP LỆ,lead_1791424192873_nn6x04,rcpt_1791424192873_x6kmy3
08/10/2026 08:49:53,NP-2026-0081,Chung Hoài Phong,0931230336,001120,PITALAND,hoaiphongch@gmail.com,HỢP LỆ,lead_1791424193008_xmv83e,rcpt_1791424193008_ne5jbr
08/10/2026 08:49:53,NP-2026-0082,Nguyễn Đoàn,0963424348,033003,ĐẤT XANH,baodoannguyen42@gmail.com,HỢP LỆ,lead_1791424193807_fpe8vv,rcpt_1791424193807_edqabg
08/10/2026 08:49:55,NP-2026-0083,Lê Hoàng,0971141343,000081,EMG,lehoang.tcnh@gmail.com,HỢP LỆ,lead_1791424195627_gulgz7,rcpt_1791424195627_6hkz31
08/10/2026 08:49:55,NP-2026-0084,Phạm Văn Thiện,0969516829,007564,SMARTLAND,phamchithien12345@gmail.com,HỢP LỆ,lead_1791424195963_wzv72t,rcpt_1791424195963_nab1up
08/10/2026 08:49:56,NP-2026-0085,Phạm Huỳnh Quỳnh Như,0981493839,006983,T&A,nhupham091997@gmail.com,HỢP LỆ,lead_1791424196566_56xtqm,rcpt_1791424196566_3ecqkf
08/10/2026 08:49:56,NP-2026-0086,Đặng Khánh Linh,0385692226,004421,SMARTLAND,khanhlinh.dang@smartland.vn,HỢP LỆ,lead_1791424196579_imdbfy,rcpt_1791424196579_dtk1ow
08/10/2026 08:49:57,NP-2026-0087,Trầm Tấn Phát,0907298877,009434,BAM LAND,tramtanphat999@gmail.com,HỢP LỆ,lead_1791424197061_gij1ye,rcpt_1791424197061_v1d7ug
08/10/2026 08:49:57,NP-2026-0088,Lê Thành Thương,0933339660,007852,GEMS LAND,thanhthuong0712@gmail.com,HỢP LỆ,lead_1791424197435_jy68eh,rcpt_1791424197435_jzyack
08/10/2026 08:49:59,NP-2026-0089,Trương Nhật Nam,0904596409,012053,LIÊN GIA LAND,tnn646498@gmail.com,HỢP LỆ,lead_1791424199022_shipl6,rcpt_1791424199022_a1j1uz
08/10/2026 08:49:59,NP-2026-0090,Lê Huy Hoàng,0818560868,002013,SGROUP,otishoang.sgroup@gmail.com,HỢP LỆ,lead_1791424199078_itgb23,rcpt_1791424199078_qjst0o
08/10/2026 08:49:59,NP-2026-0091,Hồ Ngọc Phương Vy,0936041272,002634,HOMEDAY,vyho1602@gmail.com,HỢP LỆ,lead_1791424199486_57ii46,rcpt_1791424199486_ni1yr1
08/10/2026 08:49:59,NP-2026-0092,NGUYỄN LÊ ANH KIỆT,0908972796,006762,GEMS LAND,anhkietnguyenle2508@gmail.com,HỢP LỆ,lead_1791424199743_q8mpfr,rcpt_1791424199743_wbko0u
08/10/2026 08:49:59,NP-2026-0093,Diệp Vĩnh Tân,0919688978,000034,NOVAZON,tomdiep978@gmail.com,HỢP LỆ,lead_1791424199856_qxjqsi,rcpt_1791424199856_7jqmao
08/10/2026 08:50:00,NP-2026-0094,Phạm văn Trưởng,0965416296,015282,T&A,phamvantruong120596@gmail.com,HỢP LỆ,lead_1791424200132_t6vcqq,rcpt_1791424200132_wifuhk
08/10/2026 08:50:00,NP-2026-0095,Kha Như Quỳnh,0762626767,008824,KZEN,quynhkhakzen@gmail.com,HỢP LỆ,lead_1791424200518_ltd1bq,rcpt_1791424200518_4ao15q
08/10/2026 08:50:01,NP-2026-0096,Vũ Thuỵ Hoàng Vy,0918922120,007609,T&A,,HỢP LỆ,lead_1791424201681_2gga7j,rcpt_1791424201681_5821x6
08/10/2026 08:50:01,NP-2026-0097,Tăng Minh Duy,0901537929,004241,PITALAND,tmd280999@gmail.com,HỢP LỆ,lead_1791424201939_jqyw6r,rcpt_1791424201939_d8y3cy
08/10/2026 08:50:01,NP-2026-0098,Vũ Thị Huyền Trang,0934335009,001249,TNP HOLDINGS,vutrang11052002@gmail.com,HỢP LỆ,lead_1791424201984_5t3q1q,rcpt_1791424201984_zuoi4r
08/10/2026 08:50:03,NP-2026-0099,Phan Diễm Hương,0932060269,012155,T&A,,HỢP LỆ,lead_1791424203147_o2j7qf,rcpt_1791424203147_aql43r
08/10/2026 08:50:03,NP-2026-0100,Nguyễn Vạn Phước,0905975795,015263,SAVILLS,,HỢP LỆ,lead_1791424203166_im9b0h,rcpt_1791424203166_wv0193
08/10/2026 08:50:04,NP-2026-0101,Trần Thị Thanh Trúc,0915138738,000364,CBC,tranthithanh.truc87@gmail.com,HỢP LỆ,lead_1791424204076_qc4l9t,rcpt_1791424204076_vo2p7x
08/10/2026 08:50:04,NP-2026-0102,Nguyễn Thanh Trà,0969565142,006095,SMARTLAND,,HỢP LỆ,lead_1791424204765_h8acx1,rcpt_1791424204765_vjvynm
08/10/2026 08:50:04,NP-2026-0103,Lê Anh Tuấn,0355013285,006705,NEWSTARHOMES,anhtuantlhgd@gmail.com,HỢP LỆ,lead_1791424204870_lbc2uh,rcpt_1791424204870_4fbzs7
08/10/2026 08:50:06,NP-2026-0104,Nguyễn Tuấn Anh,0888812719,006506,TNP HOLDINGS,nguyentuananh.1207.sg@gmail.com,HỢP LỆ,lead_1791424206323_mjjkvz,rcpt_1791424206323_yym47i
08/10/2026 08:50:09,NP-2026-0105,Nguyễn Thanh Tùng,0933084565,023078,EMG,thanhtung.nguyenhcm@gmail.com,HỢP LỆ,lead_1791424209696_ayoax9,rcpt_1791424209696_85asfm
08/10/2026 08:50:10,NP-2026-0106,Nguyễn Trường Thanh,0933410400,001411,ERA,thanh.nguyen@era.com.vn,HỢP LỆ,lead_1791424210775_fbr0gy,rcpt_1791424210775_edhys1
08/10/2026 08:50:10,NP-2026-0107,Lê Bá Thức,0938003664,006388,AN KHANG HOMES,bathuc.2602@gmail.com,HỢP LỆ,lead_1791424210918_gg61ab,rcpt_1791424210918_vcr1hj
08/10/2026 08:50:11,NP-2026-0108,Bùi Thiên Phú,0908591578,033616,T&A,thienphu1309@gmail.com,HỢP LỆ,lead_1791424211085_5zjz6l,rcpt_1791424211085_fk8e12
08/10/2026 08:50:11,NP-2026-0109,Nguyễn Văn Hào,0967570652,014650,TNP HOLDINGS,haonguyen.270801@gmail.com,HỢP LỆ,lead_1791424211215_y9bxqm,rcpt_1791424211215_vmgat1
08/10/2026 08:50:12,NP-2026-0110,Hoàng Văn Kiên,0969840320,008097,EMG,soakupwine@gmail.com,HỢP LỆ,lead_1791424212892_htaco9,rcpt_1791424212892_bqj3du
08/10/2026 08:50:13,NP-2026-0111,Vũ Xuân Hương,0907013810,016686,T&A,xhuong.vu0112@gmail.com,HỢP LỆ,lead_1791424213011_jxgbt5,rcpt_1791424213011_i33vx1
08/10/2026 08:50:13,NP-2026-0112,Nguyễn Việt Nhân,0903805669,012793,EMPIRE REALTY,nhann.nguyenviet@gmail.com,HỢP LỆ,lead_1791424213423_9jrgkn,rcpt_1791424213423_ferzmq
08/10/2026 08:50:14,NP-2026-0113,Nguyễn Minh Bảo,0909727555,007341,ELINK,bao070290@gmail.com,HỢP LỆ,lead_1791424214424_jlpvp5,rcpt_1791424214424_qyc31b
08/10/2026 08:50:14,NP-2026-0114,Trần Hà Lương,0386390838,008512,T&A,luongtran88ht@gmail.com,HỢP LỆ,lead_1791424214561_pkw9su,rcpt_1791424214561_i3vwdz
08/10/2026 08:50:14,NP-2026-0115,Đặng Lâm Phúc,0931791777,003697,PITALAND,lamphuc328@gmail.com,HỢP LỆ,lead_1791424214915_0cftfc,rcpt_1791424214915_vabin9
08/10/2026 08:50:14,NP-2026-0116,Nguyễn Duy Thuận,0933699698,006882,T&A,nguyenduythuan0993@gmail.com,HỢP LỆ,lead_1791424214983_c39xk9,rcpt_1791424214983_50egtv
08/10/2026 08:50:15,NP-2026-0117,Lý Giang Hy,0936679839,020122,CHÂU ĐẠI DƯƠNG,lygianghy2011@gmail.com,HỢP LỆ,lead_1791424215267_xx5coy,rcpt_1791424215267_6mm8zq
08/10/2026 08:50:15,NP-2026-0118,Nguyễn Khánh Văn,0914056464,012141,SMARTLAND,vanvl1993@gmail.com,HỢP LỆ,lead_1791424215342_eikrly,rcpt_1791424215342_cjvaiu
08/10/2026 08:50:16,NP-2026-0119,Huỳnh Sơn Lộc,0919574760,001782,SGROUP,huynhloc2406@gmail.com,HỢP LỆ,lead_1791424216284_77mipn,rcpt_1791424216284_7hjuvv
08/10/2026 08:50:17,NP-2026-0120,Nguyễn Quốc Đạt,0373187158,011736,HOMEDAY,nh2192676@gmail.com,HỢP LỆ,lead_1791424217220_z8vyke,rcpt_1791424217220_7ux357
08/10/2026 08:50:17,NP-2026-0121,Ngô Thị Thanh Ngân,0901324419,006283,SGROUP,nessangan.sgroup@gmail.com,HỢP LỆ,lead_1791424217395_0jmx9j,rcpt_1791424217395_f5o4wa
08/10/2026 08:50:17,NP-2026-0122,Trương Bảo Toàn,0919706763,012717,EMPIRE REALTY,,HỢP LỆ,lead_1791424217475_4821cv,rcpt_1791424217475_rud34c
08/10/2026 08:50:17,NP-2026-0123,Đào Nguyễn Nguyệt Vy,0867688053,001030,SAVILLS,DNguyenNguyetVy@savills.com.vn,HỢP LỆ,lead_1791424217719_jz9ruh,rcpt_1791424217719_ml00da
08/10/2026 08:50:17,NP-2026-0124,Đỗ Văn Ninh,0919661683,001762,INDOCHINE,ninhdv.idc@dxmb.vn,HỢP LỆ,lead_1791424217795_bpanpv,rcpt_1791424217795_6d0mj9
08/10/2026 08:50:18,NP-2026-0125,Nguyễn Thị Mai Ly,0328141341,038200,IQI,maileehn@gmail.com,HỢP LỆ,lead_1791424218054_p3d112,rcpt_1791424218054_4vzr7a
08/10/2026 08:50:18,NP-2026-0126,Nguyễn Thị Chinh,0909480099,009402,ELINK,kieuchinh.0909480099@gmail.com,HỢP LỆ,lead_1791424218474_qdpzva,rcpt_1791424218474_ss15nx
08/10/2026 08:50:18,NP-2026-0127,Trương Thị Kim Hân,0909302514,035856,HOMEDAY,hantruong300498@gmail.com,HỢP LỆ,lead_1791424218759_qqynch,rcpt_1791424218759_lgml5j
08/10/2026 08:50:19,NP-2026-0128,Quản thị Dinh,0936170455,007674,NEWSTARHOMES,quandinh1107@gmail.com,HỢP LỆ,lead_1791424219017_ssurs7,rcpt_1791424219017_kuab9j
08/10/2026 08:50:19,NP-2026-0129,Nguyễn Đức Duy,0934634694,010572,KZEN,ducduy.kzen@gmail.com,HỢP LỆ,lead_1791424219807_wjxs7e,rcpt_1791424219807_mlcf1z
08/10/2026 08:50:21,NP-2026-0130,Trần Anh Hạnh,0985586966,014990,EMG,trananhhanhnd@gmai.com,HỢP LỆ,lead_1791424221511_4k0ktt,rcpt_1791424221511_h0oa5p
08/10/2026 08:50:21,NP-2026-0131,Võ Tấn Đạt,0899300210,008451,SMARTLAND,datvt1101@gmail.com,HỢP LỆ,lead_1791424221542_sz19r3,rcpt_1791424221542_ksrh47
08/10/2026 08:50:21,NP-2026-0132,Trần Võ Anh Thy,0902453148,008174,SGROUP,,HỢP LỆ,lead_1791424221705_wjxrlm,rcpt_1791424221705_046a6x
08/10/2026 08:50:21,NP-2026-0133,Nguyễn Anh Quốc,0939245097,024017,ANPHAHOUSE,anhquoc91997@gmail.com,HỢP LỆ,lead_1791424221977_m54j9z,rcpt_1791424221977_lyc8v3
08/10/2026 08:50:22,NP-2026-0134,Dương Tấn Việt,0975147233,005570,SMARTLAND,duongtanviet92@gmail.com,HỢP LỆ,lead_1791424222772_78wieq,rcpt_1791424222772_665jfk
08/10/2026 08:50:22,NP-2026-0135,Nguyễn thị xuân thào,0775328328,015919,DIAMOND LINKS,thao010285@gmail.com,HỢP LỆ,lead_1791424222844_y3k9k9,rcpt_1791424222844_sc1kkn
08/10/2026 08:50:23,NP-2026-0136,Phạm Phương Linh,0976299132,019093,SAVILLS,pplhht2003@gmail.com,HỢP LỆ,lead_1791424223774_5hmrj8,rcpt_1791424223774_kejsu3
08/10/2026 08:50:24,NP-2026-0137,Mai Xuân Cường,0935980933,007865,BAM LAND,xuancuongland@gmail.com,HỢP LỆ,lead_1791424224095_95su2m,rcpt_1791424224095_h0nva1
08/10/2026 08:50:24,NP-2026-0138,Phạm Khánh Linh,0708358775,050150,SGROUP,klinhh04@gmail.com,HỢP LỆ,lead_1791424224564_hobwzw,rcpt_1791424224564_bklsty
08/10/2026 08:50:24,NP-2026-0139,Trần Kim Yên,0878725858,009061,NEWSTARHOMES,kinyenn.land@gmail.com,HỢP LỆ,lead_1791424224607_d4ezmt,rcpt_1791424224607_0wggun
08/10/2026 08:50:25,NP-2026-0140,NGUYỄN XUÂN HỢP,0339958717,002538,SGROUP,,HỢP LỆ,lead_1791424225247_vux4ut,rcpt_1791424225247_z03w3m
08/10/2026 08:50:25,NP-2026-0141,Ngô Thị Ngân,0938862903,013560,HOMEDAY,ngokhangan98@gmail.com,HỢP LỆ,lead_1791424225260_0u0g9a,rcpt_1791424225260_rzgym3
08/10/2026 08:50:25,NP-2026-0142,Võ Đức Nguyện,0587765765,004818,NOVAZON,voducnguyen22@gmail.com,HỢP LỆ,lead_1791424225822_g4pekl,rcpt_1791424225822_8tsg8c
08/10/2026 08:50:26,NP-2026-0143,Trần Thị Hằng,0932097246,008124,GLOBAL HOMES,hangtranrealty@gmail.com,HỢP LỆ,lead_1791424226634_7trwrx,rcpt_1791424226634_qx35hg
08/10/2026 08:50:27,NP-2026-0144,Trần Minh Phú,0965427837,016481,AKA PROPERTY,,HỢP LỆ,lead_1791424227593_hcu94x,rcpt_1791424227593_vu690v
08/10/2026 08:50:28,NP-2026-0145,Chu Hồng Quân,0909152985,022710,NOVAZON,quannewland@gmail.com,HỢP LỆ,lead_1791424228099_750y8j,rcpt_1791424228099_hmq1bu
08/10/2026 08:50:28,NP-2026-0146,VÕ THÀNH TRƯƠNG MINH NHÂN,0909836522,004880,ERA,minhnhan4880@gmail.com,HỢP LỆ,lead_1791424228299_9jckoy,rcpt_1791424228299_ro498z
08/10/2026 08:50:28,NP-2026-0147,Nguyễn Hồng Nhi,0375284797,000805,KZEN,nguyenhongnhi1712@gmail.com,HỢP LỆ,lead_1791424228548_qho595,rcpt_1791424228548_w4b7qh
08/10/2026 08:50:29,NP-2026-0148,TRƯƠNG HOÀNG PHÚC,0837793976,008837,HOMEDAY,phuc21801@gmail.com,HỢP LỆ,lead_1791424229445_8x88fh,rcpt_1791424229445_8tq57i
08/10/2026 08:50:29,NP-2026-0149,Lê Thị Phượng Kiều,0902780117,023920,EMPIRE REALTY,phuongkieu20@gmail.con,HỢP LỆ,lead_1791424229601_d5qiqv,rcpt_1791424229602_0jjs92
08/10/2026 08:50:29,NP-2026-0150,Nguyễn Thị Ngọc Phương,0985569444,000178,GEMS LAND,phuong.nt08@gmail.com,HỢP LỆ,lead_1791424229645_sx8u4t,rcpt_1791424229645_ow12un
08/10/2026 08:50:30,NP-2026-0151,Trần,0922447878,021456,NEWSTARHOMES,phuoctran312@gmail.com,HỢP LỆ,lead_1791424230635_o0br6g,rcpt_1791424230635_rvhhe8
08/10/2026 08:50:31,NP-2026-0152,Phan Trọng Nghĩa,0978620034,008410,AN KHANG HOMES,phantrongnghia2212@gmail.com,HỢP LỆ,lead_1791424231130_nylgmx,rcpt_1791424231130_wff5k6
08/10/2026 08:50:32,NP-2026-0153,Đỗ Thị Hương,0902456158,020120,SAVILLS,dthihuong@savills.com.vn,HỢP LỆ,lead_1791424232283_kilolw,rcpt_1791424232283_bu8xop
08/10/2026 08:50:32,NP-2026-0154,Nguyễn Thị Kim Oanh,0971189781,027083,IQI,bds.nguyenkimoanh@gmail.com,HỢP LỆ,lead_1791424232548_nie4vf,rcpt_1791424232548_j3vns8
08/10/2026 08:50:33,NP-2026-0155,Lưu Thị Thu Trinh,0932059747,012396,TNP HOLDINGS,trinhluu923@gmail.com,HỢP LỆ,lead_1791424233154_ap0ovm,rcpt_1791424233154_wy3nzg
08/10/2026 08:50:33,NP-2026-0156,Nguyễn Khánh Hưng,0947106565,003521,PITALAND,hungnguyen.chuyengiabds@gmail.com,HỢP LỆ,lead_1791424233564_f7gtem,rcpt_1791424233564_h0dt4y
08/10/2026 08:50:34,NP-2026-0157,Lê Thị Trúc Linh,0838262229,004452,EMPIRE REALTY,lethitruclinh25042017@gmail.com,HỢP LỆ,lead_1791424234116_hs90cs,rcpt_1791424234116_0nuro5
08/10/2026 08:50:34,NP-2026-0158,Lê Hoàng Tú Oanh,0943749488,005409,AN KHANG HOMES,,HỢP LỆ,lead_1791424234666_lj855c,rcpt_1791424234666_6uoqbo
08/10/2026 08:50:36,NP-2026-0159,Nguyễn Hải Phi,0909850221,008911,LIÊN GIA LAND,nguyenphi455@gmail.com,HỢP LỆ,lead_1791424236429_4gos83,rcpt_1791424236429_r6cngx
08/10/2026 08:50:36,NP-2026-0160,Nguyễn Hoàng Anh Tuấn,0373777974,015683,SGROUP,astontuan.sgroup@gmail.com,HỢP LỆ,lead_1791424236609_k87rbe,rcpt_1791424236609_ngnb85
08/10/2026 08:50:37,NP-2026-0161,Lý Ý Nhịp Nhi,0932331156,008704,GEMS LAND,lyynhipnhi@gmail.com,HỢP LỆ,lead_1791424237010_8g9k64,rcpt_1791424237010_h1i1r0
08/10/2026 08:50:37,NP-2026-0162,TRẦN THỊ THANH TUYỀN,0941431486,000558,KZEN,tuyentrandl@gmail.com,HỢP LỆ,lead_1791424237037_42gmyh,rcpt_1791424237037_3jeiq5
08/10/2026 08:50:38,NP-2026-0163,Hoàng Kiều Hưng,0916353935,004842,GEMS LAND,phuhungland86@gmail.com,HỢP LỆ,lead_1791424238117_jsgsxu,rcpt_1791424238117_d0hrd7
08/10/2026 08:50:38,NP-2026-0164,Bùi Thanh Hải,0972672439,017095,NOVAZON,buihai91qb@gmail.com,HỢP LỆ,lead_1791424238346_gq5wxi,rcpt_1791424238346_90p8b2
08/10/2026 08:50:39,NP-2026-0165,Bùi Nguyễn Tường Vy,0906793211,000056,EMPIRE REALTY,vybui211@gmail.com,HỢP LỆ,lead_1791424239097_1pz9fy,rcpt_1791424239097_liuz02
08/10/2026 08:50:39,NP-2026-0166,Lê Nguyễn Thị Kim La,0903376000,040131,GEMS LAND,kimlanlenguyen2408@gmail.com,HỢP LỆ,lead_1791424239298_7uwi1y,rcpt_1791424239298_j3zdoc
08/10/2026 08:50:39,NP-2026-0167,Phan Văn Điền,0982667473,007807,NEWSTARHOMES,phanvandienkt@gmail.com,HỢP LỆ,lead_1791424239554_tsavox,rcpt_1791424239554_a7xf8e
08/10/2026 08:50:39,NP-2026-0168,Trần Huỳnh Kha,0902401855,000384,GEMS LAND,huynhkhabds3010@gmail.com,HỢP LỆ,lead_1791424239693_6mcyrb,rcpt_1791424239693_acu50t
08/10/2026 08:50:40,NP-2026-0169,PHAN VĂN LỘC,0985070461,007072,TNP HOLDINGS,phanloc591@gmail.com,HỢP LỆ,lead_1791424240067_g8b1pq,rcpt_1791424240067_q37a5s
08/10/2026 08:50:40,NP-2026-0170,Nguyễn Thanh Phong,0703298109,027503,SGROUP,nguyenthanhphong24032004@gmail.com,HỢP LỆ,lead_1791424240566_il1omj,rcpt_1791424240566_rfzgd4
08/10/2026 08:50:40,NP-2026-0171,Nguyễn Bùi Anh Duy,0983123306,008587,T&A,nguyenbuianhduy.realty@gmail.com,HỢP LỆ,lead_1791424240815_0yp8dh,rcpt_1791424240815_mr2fxl
08/10/2026 08:50:44,NP-2026-0172,Nguyễn Phạm Lê Minh,0862302274,005538,KZEN,nguyenphamleminh@gmail.com,HỢP LỆ,lead_1791424244909_13lr0k,rcpt_1791424244910_n50vuv
08/10/2026 08:50:45,NP-2026-0173,Trần Thị Dung,0931721686,005352,EMG,tranthidung19922013@gmail.com,HỢP LỆ,lead_1791424245203_70x5d3,rcpt_1791424245203_e678or
08/10/2026 08:50:45,NP-2026-0174,Nguyễn Hoàng Ngọc Anh,0368759738,005384,SGROUP,annaanh.sgroup@gmail.com,HỢP LỆ,lead_1791424245805_009i1v,rcpt_1791424245805_e40fdj
08/10/2026 08:50:45,NP-2026-0175,Trần Kim Phụng,0363936768,013348,PEGASUS,Trankimphung92@gmail.com,HỢP LỆ,lead_1791424245813_lx2ils,rcpt_1791424245813_99fhqe
08/10/2026 08:50:46,NP-2026-0176,Nguyễn Thị Nhàn,0974300523,002803,GEMS LAND,nhannguyenbds2025@gmail.com,HỢP LỆ,lead_1791424246156_jsxgz6,rcpt_1791424246156_620c1t
08/10/2026 08:50:46,NP-2026-0177,Tong van luyen,0988076557,011472,NOVAZON,tongluyenland@gmail.com,HỢP LỆ,lead_1791424246517_4vf6it,rcpt_1791424246517_f4b8ih
08/10/2026 08:50:47,NP-2026-0178,Nguyễn Thị Thùy Dương,0906856725,010744,SGROUP,rosieduong.sgroup@gmail.com,HỢP LỆ,lead_1791424247318_e35450,rcpt_1791424247318_xva2ut
08/10/2026 08:50:47,NP-2026-0179,Nguyễn Thị Hương,0932180576,600350,ERA,huong491120@gmail.com,HỢP LỆ,lead_1791424247463_5wb9ah,rcpt_1791424247463_s7zspz
08/10/2026 08:50:47,NP-2026-0180,PHÙNG ĐẠI NHÂN,0325110994,000156,NEWSTARHOMES,nhanpd@newstarland.com,HỢP LỆ,lead_1791424247551_hesq4n,rcpt_1791424247551_tbyglm
08/10/2026 08:50:47,NP-2026-0181,Đỗ Thị An,0933018846,019021,TNP HOLDINGS,ando5663@gmail.com,HỢP LỆ,lead_1791424247575_ztwjv9,rcpt_1791424247575_bq9wbf
08/10/2026 08:50:47,NP-2026-0182,Dương Hồng Anh,0942084339,000587,CBC,duonghonganh0801@gmail.com,HỢP LỆ,lead_1791424247715_15fz3u,rcpt_1791424247715_t0iuml
08/10/2026 08:50:48,NP-2026-0183,Phan Minh Sự,0935686053,021304,TNP HOLDINGS,phanminhsu92@gmail.com,HỢP LỆ,lead_1791424248204_n8mfzr,rcpt_1791424248204_iuvg43
08/10/2026 08:50:48,NP-2026-0184,Vũ Thị Thanh Nhàn,0948680640,004377,CHÂU ĐẠI DƯƠNG,vuthanhnhan7202@gmail.com,HỢP LỆ,lead_1791424248866_sx2zut,rcpt_1791424248866_zzsnz7
08/10/2026 08:50:49,NP-2026-0185,Phạm Ngọc Sang,0327760019,004094,KZEN,ngocsang.kzen@gmail.com,HỢP LỆ,lead_1791424249957_58cyc3,rcpt_1791424249957_s6bdc6
08/10/2026 08:50:51,NP-2026-0186,Lê Thị Thanh,0902482286,010098,IQI,thanhlensg@gmail.com,HỢP LỆ,lead_1791424251044_4h8625,rcpt_1791424251044_z9q918
08/10/2026 08:50:51,NP-2026-0187,Dương Đình Ngọc Trâm,0913574001,004013,SALEREAL,duongdinhngoctram@gmail.com,HỢP LỆ,lead_1791424251578_359cjm,rcpt_1791424251578_tptr8u
08/10/2026 08:50:51,NP-2026-0188,Sử Duy Khanh,0916685258,004057,NEWSTARHOMES,khanhsu.186@gmail.com,HỢP LỆ,lead_1791424251780_mvl5qq,rcpt_1791424251780_1epceu
08/10/2026 08:50:53,NP-2026-0189,Nguyễn Trịnh Huyền Trang,0971847459,003741,BAM LAND,trangnguyentrinh59@gmail.com,HỢP LỆ,lead_1791424253306_a0wlqe,rcpt_1791424253306_fe3zdu
08/10/2026 08:50:54,NP-2026-0190,Nguyễn Thị Kim Nguyên,0936055255,015782,CHÂU ĐẠI DƯƠNG,kimnguyenbds68@gmail.com,HỢP LỆ,lead_1791424254060_a5l8vb,rcpt_1791424254060_26fg9w
08/10/2026 08:50:54,NP-2026-0191,NGUYỄN KIM NGÂN,0938100441,000606,SMARTLAND,kimngan.nguyen@smartland.vn,HỢP LỆ,lead_1791424254287_4p7zu4,rcpt_1791424254287_d474pr
08/10/2026 08:50:54,NP-2026-0192,Trần Thị Hồng Sa,0386378187,013327,PITALAND,sa.tran.h@gmail.com,HỢP LỆ,lead_1791424254568_509ikl,rcpt_1791424254568_i4ul35
08/10/2026 08:50:54,NP-2026-0193,Nguyễn Phan Huỳnh Châu,0368566134,017392,AKA PROPERTY,huynhchau1901@gmail.com,HỢP LỆ,lead_1791424254766_tlv6w9,rcpt_1791424254766_otgg61
08/10/2026 08:50:54,NP-2026-0194,Nguyen Huynh Giao,0963362288,007774,KHẢI MINH LAND,giaonguyen88@gmail.com,HỢP LỆ,lead_1791424254847_ea0pd2,rcpt_1791424254847_xkd8y9
08/10/2026 08:50:55,NP-2026-0195,Nguyen huu vi,0937096018,001258,BAM LAND,nguyenhuuvi010@gmail.com,HỢP LỆ,lead_1791424255959_5mqcgs,rcpt_1791424255959_enrdku
08/10/2026 08:50:56,NP-2026-0196,Trịnh Ngọc Diệu,0888038323,008446,AKA PROPERTY,caphesua2606@icloud.com,HỢP LỆ,lead_1791424256514_5li60y,rcpt_1791424256514_ej0xyc
08/10/2026 08:50:57,NP-2026-0197,Nguyễn Thị Ngọc,0935890163,010857,T&A,nguyenngoc.cunan@gmail.com,HỢP LỆ,lead_1791424257392_0fjf60,rcpt_1791424257392_4k3w4u
08/10/2026 08:50:58,NP-2026-0198,Thái Minh Thông,0968679395,009399,SGROUP,taruthong.sgroup@gmail.com,HỢP LỆ,lead_1791424258294_29qxxm,rcpt_1791424258294_nnt5u0
08/10/2026 08:50:58,NP-2026-0199,Tô Thị Phương Trinh,0908771947,006985,IQI,phuongtrinhtothi@gmail.com,HỢP LỆ,lead_1791424258981_2e7ajc,rcpt_1791424258981_z69y05
08/10/2026 08:50:59,NP-2026-0200,Đoàn Đang Đại,0949581768,004599,NOVAZON,,HỢP LỆ,lead_1791424259118_800hd2,rcpt_1791424259118_7kg2u3
08/10/2026 08:50:59,NP-2026-0201,Nguyễn Hồng Phương Nghi,0364302483,007612,ELINK,,HỢP LỆ,lead_1791424259822_aezfkw,rcpt_1791424259822_1hvone
08/10/2026 08:50:59,NP-2026-0202,Nguyễn Minh Trí,0702920660,012170,ĐẤT XANH,tringuyendelta@gmail.com,HỢP LỆ,lead_1791424259909_a6z1me,rcpt_1791424259909_cm3sst
08/10/2026 08:51:02,NP-2026-0203,Trần Cao Quý,0905135606,005556,AN KHANG HOMES,tranquydn.28@gmail.com,HỢP LỆ,lead_1791424262441_td7e3i,rcpt_1791424262441_hmcm8l
08/10/2026 08:51:02,NP-2026-0204,Huỳnh Thị Thuỳ Vi,0908996709,017846,EMG,thuyvihuynh11@gmail.com,HỢP LỆ,lead_1791424262893_d56uv3,rcpt_1791424262893_lnyjmu
08/10/2026 08:51:03,NP-2026-0205,Lê Thanh Việt,0901089636,007221,SMARTLAND,lethanhviet268@gmail.com,HỢP LỆ,lead_1791424263174_1wa5kf,rcpt_1791424263174_gnzdsd
08/10/2026 08:51:03,NP-2026-0206,Lâm Giao,0777797012,006511,ĐẤT XANH,lamgiao1802@gmail.com,HỢP LỆ,lead_1791424263202_w7ygv7,rcpt_1791424263202_2i55v7
08/10/2026 08:51:03,NP-2026-0207,Hồ Đắc Duy Khánh,0921734918,003245,SGROUP,solkhanh.sgroup@gmail.com,HỢP LỆ,lead_1791424263406_juw7ky,rcpt_1791424263406_mali6r
08/10/2026 08:51:03,NP-2026-0208,Trần Phi Tùng Kha,0902725552,031330,NEWSTARHOMES,khamassive@gmail.com,HỢP LỆ,lead_1791424263556_nzn7yj,rcpt_1791424263556_7p482l
08/10/2026 08:51:03,NP-2026-0209,Nguyễn Hoàng Phước,0931744966,009807,CHÂU ĐẠI DƯƠNG,ethan.cbdestate@gmail.com,HỢP LỆ,lead_1791424263906_tptm1v,rcpt_1791424263906_eunsu7
08/10/2026 08:51:04,NP-2026-0210,Trần Văn Thọ,0786278687,008330,AN KHANG HOMES,vantho30082001@gmail.com,HỢP LỆ,lead_1791424264651_w3la18,rcpt_1791424264651_tqkcy7
08/10/2026 08:51:05,NP-2026-0211,Trần Thanh Nhàn,0922964222,008902,NEWSTARHOMES,nhantt1902@gmail.com,HỢP LỆ,lead_1791424265175_0t3ayp,rcpt_1791424265175_lqd4nw
08/10/2026 08:51:05,NP-2026-0212,Hoàng Thị Quỳnh Trang,0356281724,008341,SGROUP,victoriatrang.sgroup@gmail.com,HỢP LỆ,lead_1791424265204_uscyrx,rcpt_1791424265204_yxzmkz
08/10/2026 08:51:05,NP-2026-0213,Bành Tuấn Minh,0908707138,017584,KHẢI MINH LAND,minh.bt1994@gmail.com,HỢP LỆ,lead_1791424265287_zrfs9a,rcpt_1791424265287_t1fcvw
08/10/2026 08:51:05,NP-2026-0214,Huỳnh Thị Kỳ Duyên,0915050552,016600,GEMS LAND,kyduyen3168@gmail.com,HỢP LỆ,lead_1791424265388_d1k8uu,rcpt_1791424265388_m0sfgd
08/10/2026 08:51:05,NP-2026-0215,Nguyễn Thị Mai Trinh,0964898627,009185,SMARTLAND,nguyenthimaitrinh23112013@gmail.com,HỢP LỆ,lead_1791424265593_eautpj,rcpt_1791424265593_m4lgvw
08/10/2026 08:51:05,NP-2026-0216,Nguyễn Thị Ngọc Trâm,0333731727,014495,SMARTLAND,,HỢP LỆ,lead_1791424265647_1r8tfr,rcpt_1791424265647_d3uwhk
08/10/2026 08:51:05,NP-2026-0217,Nguyễn Văn Tâm,0918869616,004085,EMG,Vantam988@gmail.com,HỢP LỆ,lead_1791424265901_el1sit,rcpt_1791424265901_5x5ll6
08/10/2026 08:51:06,NP-2026-0218,Bùi Văn Chung,0938893996,046522,EMG,buichung133@gmail.com,HỢP LỆ,lead_1791424266520_cqi17z,rcpt_1791424266520_4l82z4
08/10/2026 08:51:06,NP-2026-0219,Trần Thị Ly Hoa,0932626950,010263,BAM LAND,tranthilyhoa@gmail.com,HỢP LỆ,lead_1791424266551_eaj1rq,rcpt_1791424266551_gn36ot
08/10/2026 08:51:07,NP-2026-0220,Nguyễn Quốc Sĩ,0901111246,012928,NEWSTARHOMES,sinq@newstarland.com,HỢP LỆ,lead_1791424267288_ltwsyq,rcpt_1791424267288_selc1i
08/10/2026 08:51:07,NP-2026-0221,Đặng Thị Huệ,0941626413,035648,NEWSTARHOMES,hue0209@gmail.com,HỢP LỆ,lead_1791424267294_l8f4of,rcpt_1791424267294_9qjiq6
08/10/2026 08:51:09,NP-2026-0222,Trần Hữu Đức,0942667988,012614,SGROUP,jamesduc.tran@gmail.com,HỢP LỆ,lead_1791424269410_vb78gz,rcpt_1791424269410_9ci91v
08/10/2026 08:51:11,NP-2026-0223,Trần Xuân Thịnh,0908787480,016913,EMG,,HỢP LỆ,lead_1791424271320_5l7woa,rcpt_1791424271320_buq2sk
08/10/2026 08:51:11,NP-2026-0224,Trần Ngọc Tuấn,0907076246,036761,GEMS LAND,tranngoctuan.bds@gmail.com,HỢP LỆ,lead_1791424271815_uhf7o1,rcpt_1791424271815_solf89
08/10/2026 08:51:11,NP-2026-0225,Tô Hoàng Khang,0938325230,009021,PITALAND,khangth.pita@gmail.com,HỢP LỆ,lead_1791424271855_3tghby,rcpt_1791424271855_tv964t
08/10/2026 08:51:11,NP-2026-0226,Đỗ ngọc duy,0935615786,010643,KHẢI MINH LAND,,HỢP LỆ,lead_1791424271951_xsyeph,rcpt_1791424271951_znz1sg
08/10/2026 08:51:11,NP-2026-0227,Tô Nguyễn Anh Tuấn,0906944861,004675,AN KHANG HOMES,,HỢP LỆ,lead_1791424271985_isp21v,rcpt_1791424271985_a25c7n
08/10/2026 08:51:12,NP-2026-0228,Nguyễn Thị Thu Ngân,0901568717,010234,HOMEDAY,nguyenthungan26112019@gmail.com,HỢP LỆ,lead_1791424272037_6psu16,rcpt_1791424272037_lbm51l
08/10/2026 08:51:12,NP-2026-0229,Hoàng Đức Anh,0334906649,006145,NOVAZON,hoanganh.luxhouse@gmail.com,HỢP LỆ,lead_1791424272457_lnqne8,rcpt_1791424272457_1fg7t9
08/10/2026 08:51:12,NP-2026-0230,Nguyễn Thành Nam,0937161697,000313,NEWSTARHOMES,namnguyen82banderas@gmail.com,HỢP LỆ,lead_1791424272749_v2g126,rcpt_1791424272749_xgztr3
08/10/2026 08:51:13,NP-2026-0231,Trần Tú Giang,0909683696,001738,SALEREAL,,HỢP LỆ,lead_1791424273755_a24nmj,rcpt_1791424273755_8mvnjc
08/10/2026 08:51:14,NP-2026-0232,Hoàng Thị Nguyên Hiếu,0775676768,000360,IQI,hoanghieu220681@gmail.com,HỢP LỆ,lead_1791424274386_75umyp,rcpt_1791424274386_acc33w
08/10/2026 08:51:15,NP-2026-0233,Lê Quốc Đạt,0704853622,009751,CBC,lequocdat01tk@gmail.com,HỢP LỆ,lead_1791424275367_wb0247,rcpt_1791424275367_zmrhbc
08/10/2026 08:51:15,NP-2026-0234,Trương Thị Cẩm Tú,0975797969,006428,AVI REALTY,truongcamtu.vn@gmail.com,HỢP LỆ,lead_1791424275674_s1fm3c,rcpt_1791424275674_g5fwd7
08/10/2026 08:51:16,NP-2026-0235,Nguyễn Ngọc được,0979363601,011528,SGROUP,,HỢP LỆ,lead_1791424276503_1pdz2s,rcpt_1791424276503_w90t7y
08/10/2026 08:51:18,NP-2026-0236,Huỳnh Tuấn Kiệt,0916691865,013105,SMARTLAND,tuankiet.huynh@smartland.vn,HỢP LỆ,lead_1791424278844_2kolxf,rcpt_1791424278844_ea51vr
08/10/2026 08:51:19,NP-2026-0237,Phan Văn Sơn,0826361057,003359,CHÂU ĐẠI DƯƠNG,phanson1692@gmail.com,HỢP LỆ,lead_1791424279190_3v4puu,rcpt_1791424279190_8i2ifx
08/10/2026 08:51:19,NP-2026-0238,Huỳnh Tấn Tài,0362668371,038639,KHẢI MINH LAND,httai0910@gmail.com,HỢP LỆ,lead_1791424279256_w3qyjk,rcpt_1791424279256_a68h1s
08/10/2026 08:51:19,NP-2026-0239,Trương Ngọc Phú,0906834039,020441,TNP HOLDINGS,taiphureal@gmail.com,HỢP LỆ,lead_1791424279543_imu6m5,rcpt_1791424279543_6gwe7o
08/10/2026 08:51:19,NP-2026-0240,Nguyễn Trung Hào,0358767687,216349,KZEN,trunghao701@gmail.com,HỢP LỆ,lead_1791424279873_20crw3,rcpt_1791424279873_ui7uhn
08/10/2026 08:51:20,NP-2026-0241,LÊ THỊ YẾN LINH,0706784710,001130,PITALAND,,HỢP LỆ,lead_1791424280422_zw7h37,rcpt_1791424280422_jr8tzc
08/10/2026 08:51:20,NP-2026-0242,Nguyễn Thị Thúy Diễm,0901663391,012510,SGROUP,anitadiem.sgroup@gmail.com,HỢP LỆ,lead_1791424280604_mdpvxd,rcpt_1791424280604_dxv32q
08/10/2026 08:51:22,NP-2026-0243,Nguyễn Quốc Minh Hoàng,0907896131,028236,ELINK,minhhoangsaigon.kd@gmail.com,HỢP LỆ,lead_1791424282790_m62j1d,rcpt_1791424282790_eg8pyz
08/10/2026 08:51:22,NP-2026-0244,Nguyễn Ngọc Bảo Ngân,0336673513,017073,PITALAND,nguyenngan130103@gmail.com,HỢP LỆ,lead_1791424282842_tudoad,rcpt_1791424282842_gd0fbw
08/10/2026 08:51:22,NP-2026-0245,Trần Thị Thạch Anh,0777929162,011467,REDCA,ta.redca@gmail.com,HỢP LỆ,lead_1791424282878_97eorc,rcpt_1791424282878_udbifd
08/10/2026 08:51:24,NP-2026-0246,Trần Chí Khuân,0707206118,003047,CBRE,zhikunchen98@gmail.com,HỢP LỆ,lead_1791424284916_5x6l4g,rcpt_1791424284916_dljb7v
08/10/2026 08:51:25,NP-2026-0247,Nguyễn Minh Hậu,0799787968,006776,ANPHAHOUSE,minhhau.hgsg@gmail.com,HỢP LỆ,lead_1791424285275_9wm7ab,rcpt_1791424285275_2wla4f
08/10/2026 08:51:25,NP-2026-0248,Đặng Tiến Bảo,0972825326,016250,CHÂU ĐẠI DƯƠNG,,HỢP LỆ,lead_1791424285352_nsbyx7,rcpt_1791424285352_zhrge5
08/10/2026 08:51:26,NP-2026-0249,Lê Thị Lệ Linh,0979869143,014654,TNP HOLDINGS,lelinh.byh2023@gmail.com,HỢP LỆ,lead_1791424286372_2gh1rz,rcpt_1791424286372_2bnpa8
08/10/2026 08:51:27,NP-2026-0250,Lý Lê Anh Khoa,0989365544,000757,KHẢI MINH LAND,,HỢP LỆ,lead_1791424287431_3voow5,rcpt_1791424287431_19mb8k
08/10/2026 08:51:27,NP-2026-0251,TRẦN THỊ THANH TRÚC,0908505564,002345,KZEN,tructran.nhatrang@gmail.com,HỢP LỆ,lead_1791424287565_0ah9pz,rcpt_1791424287566_s02wpg
08/10/2026 08:51:27,NP-2026-0252,Quách huỳnh thanh hùng,0899735585,026802,AN KHANG HOMES,hungquach8888@gmail.com,HỢP LỆ,lead_1791424287651_shz3ib,rcpt_1791424287651_k1xh61
08/10/2026 08:51:28,NP-2026-0253,Phạm Văn Thiệu,0938439718,016328,SGROUP,tonythieu.sgroup@gmail.com,HỢP LỆ,lead_1791424288563_epvl8d,rcpt_1791424288563_p9x90w
08/10/2026 08:51:29,NP-2026-0254,Trần Quốc Phú,0369023425,006009,SGROUP,quocphu3003@gmail.com,HỢP LỆ,lead_1791424289850_30gxwy,rcpt_1791424289850_0g3ngr
08/10/2026 08:51:32,NP-2026-0255,Lê Ngọc Quý,0987097623,000220,GEMS LAND,lengocquy8x@gmail.com,HỢP LỆ,lead_1791424292606_x00vke,rcpt_1791424292606_tfhr4v
08/10/2026 08:51:34,NP-2026-0256,Từ Gia Thanh,0939698012,010421,SGROUP,silvathanh.sgroup@gmail.com,HỢP LỆ,lead_1791424294595_81jhfk,rcpt_1791424294595_sehwn1
08/10/2026 08:51:35,NP-2026-0257,Nguyễn Thị Thuỳ,0916955079,008051,PITALAND,thuynguyen130588@gmail.com,HỢP LỆ,lead_1791424295528_1c4sr3,rcpt_1791424295528_ybrlzv
08/10/2026 08:51:36,NP-2026-0258,Nguyễn Trần Tuấn Hoàng,0984013239,002721,KHẢI MINH LAND,,HỢP LỆ,lead_1791424296068_d0rdbq,rcpt_1791424296068_zliop6
08/10/2026 08:51:36,NP-2026-0259,Bui thi thu Ha,0909928816,004185,KZEN,nguyenthanhha799@gmail.com,HỢP LỆ,lead_1791424296289_1xru4h,rcpt_1791424296289_s3h6qx
08/10/2026 08:51:37,NP-2026-0260,Hoàng Đắc Quyền,0948419042,008685,REDCA,hoangdacquyen95@gmail.com,HỢP LỆ,lead_1791424297407_4f4x6j,rcpt_1791424297408_6ti2fs
08/10/2026 08:51:38,NP-2026-0261,Nguyễn Văn Sơn,0903708866,003393,IQI,sonnv101102@gmail.com,HỢP LỆ,lead_1791424298414_xqif1b,rcpt_1791424298414_591zcc
08/10/2026 08:51:38,NP-2026-0262,Huỷnh Thanh Huy,0902631036,000390,ERA,hth162@gmail.com,HỢP LỆ,lead_1791424298732_rxpxwe,rcpt_1791424298732_6u1ntf
08/10/2026 08:51:39,NP-2026-0263,Phạm Nguyễn Kiều Giang,0934021932,002455,CHÂU ĐẠI DƯƠNG,,HỢP LỆ,lead_1791424299056_1nya15,rcpt_1791424299056_ysdweo
08/10/2026 08:51:42,NP-2026-0264,do phan thuy linh,0902770988,036505,INDOCHINE,,HỢP LỆ,lead_1791424302404_dyoux6,rcpt_1791424302404_hlt7n4
08/10/2026 08:51:42,NP-2026-0265,Trần Thị Huyền Trang,0906655796,011733,SGROUP,xaviatrang.sgroup@gmail.com,HỢP LỆ,lead_1791424302686_d3lwez,rcpt_1791424302686_ng121o
08/10/2026 08:51:43,NP-2026-0266,Nguyễn Công Thảo,0938709866,039250,SGROUP,davidthao.sgroup@gmail.com,HỢP LỆ,lead_1791424303645_q7jgng,rcpt_1791424303645_r9hdfm
08/10/2026 08:51:43,NP-2026-0267,Nguyễn Thị Dung,0938161566,021545,GLOBAL HOMES,dung.nguyennovaland@gmail.com,HỢP LỆ,lead_1791424303706_mrn6gt,rcpt_1791424303706_2z8uge
08/10/2026 08:51:43,NP-2026-0268,Thành Trung Ngo,0911133773,014521,CHÂU ĐẠI DƯƠNG,trungnttg@gmail.com,HỢP LỆ,lead_1791424303834_1f6tko,rcpt_1791424303834_hid5wg
08/10/2026 08:51:44,NP-2026-0269,Nguyễn Thái Trung,0936879454,000387,CHÂU ĐẠI DƯƠNG,trungnguyen.nhadautu@gmail.com,HỢP LỆ,lead_1791424304725_82wfa3,rcpt_1791424304725_hm3kbo
08/10/2026 08:51:45,NP-2026-0270,Tô Diễm Hương,0909405078,009868,LIÊN GIA LAND,diemhuong049@gmail.com,HỢP LỆ,lead_1791424305947_syy8f2,rcpt_1791424305947_taaort
08/10/2026 08:51:46,NP-2026-0271,Võ Văn Dậu,0817257089,002823,ERA,dauvo1980@gmail.com,HỢP LỆ,lead_1791424306683_8mmagu,rcpt_1791424306683_7t8j9g
08/10/2026 08:51:46,NP-2026-0272,Lê Thị Thuý Hằng,0989076011,014373,GEMS LAND,hangle324@gmail.com,HỢP LỆ,lead_1791424306878_g6t9lx,rcpt_1791424306878_9o3kfc
08/10/2026 08:51:47,NP-2026-0273,Trương Ngọc Quý,0797100396,009381,TNP HOLDINGS,truongngocquy.marketing@gmail.com,HỢP LỆ,lead_1791424307632_usc6h3,rcpt_1791424307632_7wvt5h
08/10/2026 08:51:48,NP-2026-0274,Mai Văn Thiệp,0931118655,000339,LIÊN GIA LAND,thiepmvphuckhang@gmail.com,HỢP LỆ,lead_1791424308719_eu2kkr,rcpt_1791424308719_xbkn75
08/10/2026 08:51:49,NP-2026-0275,Phạm Thanh Hoàng Khải,0934307196,010567,ERA,,HỢP LỆ,lead_1791424309245_trmh39,rcpt_1791424309245_z79ey2
08/10/2026 08:51:49,NP-2026-0276,Mai Văn Thà,0978358035,021283,PITALAND,maivanthahc35@gmail.com,HỢP LỆ,lead_1791424309603_uahs7d,rcpt_1791424309603_hhsbfu
08/10/2026 08:51:50,NP-2026-0277,Trần Hữu Đạt,0938209540,002996,SGROUP,kevindat.sgroup@gmail.com,HỢP LỆ,lead_1791424310939_6b778l,rcpt_1791424310939_0170se
08/10/2026 08:51:51,NP-2026-0278,Đinh Mỹ Ân,0327028275,005898,ELINK,andinh3595@gmail.com,HỢP LỆ,lead_1791424311462_h1axjt,rcpt_1791424311462_4fut59
08/10/2026 08:51:52,NP-2026-0279,Cao Ngọc Duyên,0934646810,005238,EMG,,HỢP LỆ,lead_1791424312452_5rydmw,rcpt_1791424312452_nmwh40
08/10/2026 08:51:52,NP-2026-0280,Nguyễn Khổng Hà Giang,0365664925,034188,CBC,,HỢP LỆ,lead_1791424312473_wik5px,rcpt_1791424312473_ec7y7h
08/10/2026 08:51:53,NP-2026-0281,Nguyễn Quang Thành,0907081686,006062,IQI,andynguyen.luxrealestate@gmail.com,HỢP LỆ,lead_1791424313405_t8scqz,rcpt_1791424313405_ks8vs1
08/10/2026 08:51:54,NP-2026-0282,Phan Kim Thành,0936334289,031513,RED GROUP,phanthanh.real@gmail.com,HỢP LỆ,lead_1791424314933_6632x7,rcpt_1791424314933_msbyq1
08/10/2026 08:51:55,NP-2026-0283,Trần Nguyễn Duy Phương,0792346862,016930,TNP HOLDINGS,,HỢP LỆ,lead_1791424315220_5fmop1,rcpt_1791424315220_udu3d3
08/10/2026 08:51:55,NP-2026-0284,Đỗ Thị Ngọc Ánh,0937867967,005197,T&A,dothjngocanh@gmail.com,HỢP LỆ,lead_1791424315671_eifi66,rcpt_1791424315671_eusxi6
08/10/2026 08:51:57,NP-2026-0285,Ngô Thị Kim Yến,0373129680,033272,ERA,ntkyen.realty@gmail.com,HỢP LỆ,lead_1791424317123_5qe9xb,rcpt_1791424317123_97tz90
08/10/2026 08:51:58,NP-2026-0286,NGUYỄN HUỲNH HOÀNG TRANG,0888793039,001043,SGROUP,venicetrang.sgroup@gmail.com,HỢP LỆ,lead_1791424318026_5owr68,rcpt_1791424318026_e0vo06
08/10/2026 08:51:58,NP-2026-0287,Tô Thị Phương Trân,0937122776,006210,IQI,tranto2711@gmail.com,HỢP LỆ,lead_1791424318667_9sqrfc,rcpt_1791424318667_lz9bcm
08/10/2026 08:51:59,NP-2026-0288,Trần Thị Hà,0896138886,000098,GEMS LAND,hatrann138@gmail.com.vn,HỢP LỆ,lead_1791424319136_r6wjie,rcpt_1791424319136_2ari1e
08/10/2026 08:52:00,NP-2026-0289,Lê Thị Minh Thảo,0938733066,000858,T&A,thaonamlong@gmail.com,HỢP LỆ,lead_1791424320292_4oh31v,rcpt_1791424320292_a98h0m
08/10/2026 08:52:00,NP-2026-0290,Võ Thành Thông,0326032603,004835,SAVILLS,Vthanhthong@Savills.com.vn,HỢP LỆ,lead_1791424320330_0m2ykb,rcpt_1791424320330_0shvpm
08/10/2026 08:52:00,NP-2026-0291,Trần Thị Thu Hiền,0368845198,005979,IQI,tranthithuhien11081998@gmail.com,HỢP LỆ,lead_1791424320829_63rrh8,rcpt_1791424320829_4qtii5
08/10/2026 08:52:03,NP-2026-0292,Võ Huỳnh Vĩnh Khang,0939039317,012779,VIỆT NAM LAND,khangvohuynh91@gmail.com,HỢP LỆ,lead_1791424323862_7l5kxe,rcpt_1791424323862_bp4ftn
08/10/2026 08:52:04,NP-2026-0293,Cao Thiên Văn,0852578899,013036,RED GROUP,cthienvan03@gmail.com,HỢP LỆ,lead_1791424324624_g15y9w,rcpt_1791424324624_jx4zlh
08/10/2026 08:52:06,NP-2026-0294,Nguyễn Thị Như Nguyệt,0938356353,010125,T&A,nhunguyetnguyen484@gmail.com,HỢP LỆ,lead_1791424326046_447b7k,rcpt_1791424326046_g9d5tm
08/10/2026 08:52:06,NP-2026-0295,Trần Xuân Thuý Diễm,0906709986,003135,SGROUP,helendiem.sgroup@gmail.con,HỢP LỆ,lead_1791424326855_5r7bj2,rcpt_1791424326855_whp2bp
08/10/2026 08:52:07,NP-2026-0296,Đoàn Quang Duy Tài,0933997769,003548,CBC,timaster249@gmail.com,HỢP LỆ,lead_1791424327809_3jm1pa,rcpt_1791424327809_k5ryz6
08/10/2026 08:52:08,NP-2026-0297,Lê Thị Thảo Hiền,0867315928,011052,RED GROUP,hienle144133@gmail.com,HỢP LỆ,lead_1791424328550_q4jsv6,rcpt_1791424328550_8raqvy
08/10/2026 08:52:09,NP-2026-0298,Vo Thi Truc Giang,0911418639,000717,T&A,vothitrucgiangtn@gmail.com,HỢP LỆ,lead_1791424329687_odz0sh,rcpt_1791424329687_sbbe18
08/10/2026 08:52:11,NP-2026-0299,Trịnh Minh Trí,0901233311,006390,AKA PROPERTY,trinhminhtri1904@gmail.com,HỢP LỆ,lead_1791424331975_ft9pj7,rcpt_1791424331975_o00dyp
08/10/2026 08:52:12,NP-2026-0300,Nguyễn An Minh,0988711341,014706,NEWSTARHOMES,nguyenanminh30031995@gmail.com,HỢP LỆ,lead_1791424332088_oo2vpr,rcpt_1791424332088_28rgot
08/10/2026 08:52:12,NP-2026-0301,Phạm Thanh Tiến,0975814025,016870,EMG,thanhtienpham683@gmail.com,HỢP LỆ,lead_1791424332520_lwbay3,rcpt_1791424332520_yn5g9u
08/10/2026 08:52:14,NP-2026-0302,PHẠM THỊ ÁNH HỒNG,0934029768,000965,TNP HOLDINGS,anhhong0902@gmail.com,HỢP LỆ,lead_1791424334162_nj7zrl,rcpt_1791424334162_ux3ukg
08/10/2026 08:52:14,NP-2026-0303,Nguyễn Đỗ Duy Chương,0901188639,008702,SGI,truongngoc.fonebox@gmail.com,HỢP LỆ,lead_1791424334804_n49dwp,rcpt_1791424334804_urn4ln
08/10/2026 08:52:15,NP-2026-0304,Bùi Tiến Đạt,0936425465,025763,EMG,buitiendat1705@gmail.com,HỢP LỆ,lead_1791424335418_r0uk8s,rcpt_1791424335418_l04cb7
08/10/2026 08:52:16,NP-2026-0305,Đặng Thị Mỹ Nhung,0327787829,008252,SGROUP,lisanhung.sgroup@gmail.com,HỢP LỆ,lead_1791424336437_ojvse6,rcpt_1791424336437_suy2g7
08/10/2026 08:52:17,NP-2026-0306,Hoàng Thị Hương Lan,0931275786,001678,IQI,hoanglanlann@gmail.com,HỢP LỆ,lead_1791424337641_mtghhz,rcpt_1791424337641_41df6p
08/10/2026 08:52:17,NP-2026-0307,Nguyễn Thành Trung,0584432617,004538,EMG,thanhtrungcv0207@gmail.com,HỢP LỆ,lead_1791424337721_09taw7,rcpt_1791424337721_mjxyse
08/10/2026 08:52:17,NP-2026-0308,Hoàng Thị Thuỳ Dương,0901100127,002387,T&A,hoangthuyduong.ads@gmail.com,HỢP LỆ,lead_1791424337851_lkdz42,rcpt_1791424337851_zo5985
08/10/2026 08:52:18,NP-2026-0309,Nguyễn Đăng Khôi,0932718969,034656,BAM LAND,khoi.nguyen280791@gmail.com,HỢP LỆ,lead_1791424338446_9782zm,rcpt_1791424338446_ubx4z3
08/10/2026 08:52:19,NP-2026-0310,Phù Kim Long,0906888330,024922,T&A,kimlong.phu88@gmail.com,HỢP LỆ,lead_1791424339380_wbuc41,rcpt_1791424339380_mjha2s
08/10/2026 08:52:20,NP-2026-0311,Tăng Duy Cường,0984383739,007835,VIỆT NAM LAND,duycuongtang213@gmail.com,HỢP LỆ,lead_1791424340120_k59wpp,rcpt_1791424340120_h6gvhz
08/10/2026 08:52:20,NP-2026-0312,Lương Diệp,0775090188,002813,SGROUP,denisediep.sgroup@gmail.com,HỢP LỆ,lead_1791424340285_o03hcl,rcpt_1791424340285_ylv6jq
08/10/2026 08:52:20,NP-2026-0313,Nguyễn Minh Lâm,0937476328,016593,AN KHANG HOMES,minhlamminhlam1998@gmail.com,HỢP LỆ,lead_1791424340664_fi0jpf,rcpt_1791424340664_1birdj
08/10/2026 08:52:21,NP-2026-0314,Trần Hữu Nhật,0373177386,001274,VIỆT NAM LAND,trannhat2103@gmail.com,HỢP LỆ,lead_1791424341296_6ojwye,rcpt_1791424341296_t3asi6
08/10/2026 08:52:21,NP-2026-0315,Hoàng Quốc Tuấn,0988306527,003119,ERA,,HỢP LỆ,lead_1791424341289_a4o6ac,rcpt_1791424341289_t1i3jx
08/10/2026 08:52:21,NP-2026-0316,Nguyễn Thị Thuý Vi,0932434846,002795,CHÂU ĐẠI DƯƠNG,vivid66664@gmail.com,HỢP LỆ,lead_1791424341780_okkf9c,rcpt_1791424341780_i9ikhh
08/10/2026 08:52:22,NP-2026-0317,VÕ ĐÌNH THẮNG,0937770338,017436,KHẢI MINH LAND,vodinhthangmarketing@gmail.com,HỢP LỆ,lead_1791424342360_hyhv9j,rcpt_1791424342360_iuml29
08/10/2026 08:52:22,NP-2026-0318,Phạm Linh,0336142342,015051,SGROUP,,HỢP LỆ,lead_1791424342744_0bi37k,rcpt_1791424342744_zp69o4
08/10/2026 08:52:24,NP-2026-0319,Đỗ Thị Ngọc Giàu,0901117278,005355,ERA,ngocgiau273@gmail.com,HỢP LỆ,lead_1791424344291_t4jzjg,rcpt_1791424344291_oxkcp6
08/10/2026 08:52:25,NP-2026-0320,Hoàng Thị Quỳnh Duyên,0909850255,002812,IQI,quynhduyen2204@gmai.com,HỢP LỆ,lead_1791424345168_kcrjou,rcpt_1791424345168_9y5i7b
08/10/2026 08:52:26,NP-2026-0321,Nguyễn Thị Trinh,0703555959,011001,CHÂU ĐẠI DƯƠNG,,HỢP LỆ,lead_1791424346055_jxwyo3,rcpt_1791424346055_i4ps5i
08/10/2026 08:52:26,NP-2026-0322,Phạm Thị Thanh Trúc,0384647300,007325,CBC,,HỢP LỆ,lead_1791424346247_fmjmkc,rcpt_1791424346247_2d9b82
08/10/2026 08:52:26,NP-2026-0323,PHẠM NGỌC GIÀU,0907011390,000542,IQI,giauphambds@gmail.com,HỢP LỆ,lead_1791424346375_v4386z,rcpt_1791424346375_nujy91
08/10/2026 08:52:26,NP-2026-0324,Trần Nhật Kiến Quốc,0907287803,014953,SGROUP,tnkquoc@gmail.com,HỢP LỆ,lead_1791424346398_0xpvks,rcpt_1791424346398_i9h8ox
08/10/2026 08:52:26,NP-2026-0325,Đỗ Thị Phương,0387908552,007833,VIỆT NAM LAND,,HỢP LỆ,lead_1791424346914_h2yyx3,rcpt_1791424346914_yv1ljn
08/10/2026 08:52:26,NP-2026-0326,Tiêu Lê Phan,0901347719,014332,TNP HOLDINGS,tieulephan@gmail.com,HỢP LỆ,lead_1791424346971_sgidt5,rcpt_1791424346971_l25ojv
08/10/2026 08:52:31,NP-2026-0327,Lê Thị Ngọc Như,0865151640,003704,SGROUP,137ltngocnhu@gmail.com,HỢP LỆ,lead_1791424351033_qbgyq2,rcpt_1791424351033_1sfvme
08/10/2026 08:52:31,NP-2026-0328,Trương Đan Huy,0377785798,000627,NEWSTARHOMES,,HỢP LỆ,lead_1791424351306_s459kj,rcpt_1791424351306_yap78n
08/10/2026 08:52:33,NP-2026-0329,Nguyễn Thị Cẩm Tiên,0985380393,011844,NOVAZON,phanthientien059@gmail.com,HỢP LỆ,lead_1791424353740_m0kf1s,rcpt_1791424353740_gpi3nj
08/10/2026 08:52:33,NP-2026-0330,Nguyễn Trung Kiên,0934052425,001860,SMARTLAND,ntkien2541998@gmail.com,HỢP LỆ,lead_1791424353885_oqrlih,rcpt_1791424353885_wv4o93
08/10/2026 08:52:34,NP-2026-0331,Nguyễn Thị Nhất,0906606205,019449,IQI,nhatnguyen3811@gmail.com,HỢP LỆ,lead_1791424354440_mq43n3,rcpt_1791424354440_atxls3
08/10/2026 08:52:34,NP-2026-0332,Nguyễn Thành Lộc,0399451293,007351,EMG,thanhlocn555111@gmail.com,HỢP LỆ,lead_1791424354565_0n9idx,rcpt_1791424354565_47twsu
08/10/2026 08:52:34,NP-2026-0333,Nguyễn Phạm Quốc Cường,0372291531,007296,PITALAND,quoccuong.npnq1101@gmail.com,HỢP LỆ,lead_1791424354673_vzacv5,rcpt_1791424354673_x72qw3
08/10/2026 08:52:36,NP-2026-0334,Trần Thị Thu Trang,0938735235,006384,GLOBAL HOMES,,HỢP LỆ,lead_1791424356099_u6w5pn,rcpt_1791424356099_dago9e
08/10/2026 08:52:36,NP-2026-0335,TRẦN GIA HUY,0907230100,027664,CHÂU ĐẠI DƯƠNG,giahuy95919@gmail.com,HỢP LỆ,lead_1791424356487_f2gcp4,rcpt_1791424356487_3mloqm
08/10/2026 08:52:37,NP-2026-0336,Nguyễn Ngọc Nhân,0899518798,030109,NOVAZON,,HỢP LỆ,lead_1791424357922_7vjjn7,rcpt_1791424357922_iy1g3n
08/10/2026 08:52:38,NP-2026-0337,Nguyễn Khắc Tiếp,0939280593,010952,EMG,nguyentiep.toannang@gmail.com,HỢP LỆ,lead_1791424358393_rqcp7t,rcpt_1791424358393_gt1zo0
08/10/2026 08:52:40,NP-2026-0338,Nguyễn Bá Ngọc,0395201196,005603,EMG,ngoc111210@gmail.com,HỢP LỆ,lead_1791424360213_lbcvp4,rcpt_1791424360213_f1txpw
08/10/2026 08:52:40,NP-2026-0339,Lê Văn Lợi,0931821399,025073,SMARTLAND,,HỢP LỆ,lead_1791424360390_79lxyp,rcpt_1791424360390_hgyosw
08/10/2026 08:52:40,NP-2026-0340,Gia Hiền,0776878689,018370,PITALAND,giahienhpl@gmail.com,HỢP LỆ,lead_1791424360471_mynex8,rcpt_1791424360471_nd5atn
08/10/2026 08:52:40,NP-2026-0341,Phạm Thị Mỹ Hạnh,0977153531,007766,HOMEDAY,myhanh2608@gmail.com,HỢP LỆ,lead_1791424360535_7zk9l4,rcpt_1791424360535_wd753i
08/10/2026 08:52:45,NP-2026-0342,Nguyễn Thị Ngọc Mến,0344264091,009954,CBRE,,HỢP LỆ,lead_1791424365076_bzzcjr,rcpt_1791424365076_dovrto
08/10/2026 08:52:47,NP-2026-0343,Điểu Phi,0906306208,005768,AN KHANG HOMES,phidieubp@gmail.com,HỢP LỆ,lead_1791424367334_k6aje0,rcpt_1791424367334_19x2wg
08/10/2026 08:52:48,NP-2026-0344,Nguyễn Nhất Long,0918335458,004271,EMG,nhatlong.kol@gmail.com,HỢP LỆ,lead_1791424368502_x5us6e,rcpt_1791424368502_ec5vso
08/10/2026 08:52:51,NP-2026-0345,Phạm Thị Hồng Q,0907106175,000188,CBC,phamthihong918@gmail.com,HỢP LỆ,lead_1791424371364_sp90ds,rcpt_1791424371364_o8v7wd
08/10/2026 08:52:52,NP-2026-0346,Đoàn Minh Anh,0387727876,019937,SGROUP,,HỢP LỆ,lead_1791424372047_1gn68e,rcpt_1791424372047_vwoi42
08/10/2026 08:52:56,NP-2026-0347,Nguyễn Thị Lệ Hằng,0908699788,003362,GEMS LAND,hangmindy979@gmail.com,HỢP LỆ,lead_1791424376041_7dad5g,rcpt_1791424376041_wiv6br
08/10/2026 08:52:58,NP-2026-0348,Trần Anh Mỹ,0969596467,015573,INDOCHINE,trananhmy23252000@gmail.com,HỢP LỆ,lead_1791424378995_ewn6kl,rcpt_1791424378995_dknmo2
08/10/2026 08:53:01,NP-2026-0349,Lê Thị Huyền,0963767650,030753,NOVAZON,,HỢP LỆ,lead_1791424381185_a95p4f,rcpt_1791424381185_028fn4
08/10/2026 08:53:01,NP-2026-0350,Vũ Kim Anh,0796049986,003766,T&A,vukimanhct1990@gmail.com,HỢP LỆ,lead_1791424381186_4odvd8,rcpt_1791424381186_mb8jw1
08/10/2026 08:53:02,NP-2026-0351,Thái Hoàng Uyên Phương,0937926986,017968,ELINK,,HỢP LỆ,lead_1791424382377_tq8cvg,rcpt_1791424382377_fviuuz
08/10/2026 08:53:03,NP-2026-0352,Lê Long Phát,0921228866,006880,SGI,phat.lelong@gmail.con,HỢP LỆ,lead_1791424383651_hik1od,rcpt_1791424383651_h0izu8
08/10/2026 08:53:04,NP-2026-0353,Vũ Thi Đan Thanh,0898077477,016916,NEWSTARHOMES,thanhvu90.work@gmail.com,HỢP LỆ,lead_1791424384049_ju7ohr,rcpt_1791424384049_7fkqoa
08/10/2026 08:53:07,NP-2026-0354,Trần Tấn Lộc,0907881361,035738,CHÂU ĐẠI DƯƠNG,tielisnice@gmail.com,HỢP LỆ,lead_1791424387271_io2yg6,rcpt_1791424387271_36etd9
08/10/2026 08:53:09,NP-2026-0355,Đặng Thị Tuyết Nhung,0989844719,023272,TNP HOLDINGS,,HỢP LỆ,lead_1791424389540_tk2af7,rcpt_1791424389540_8fpdxm
08/10/2026 08:53:09,NP-2026-0356,Võ Minh Tâm,0975198134,005092,KZEN,vominhtam2049@gmail.com,HỢP LỆ,lead_1791424389595_r3vbae,rcpt_1791424389595_9i54go
08/10/2026 08:53:10,NP-2026-0357,Nguyễn Thị Huơbg,0932180576,000350,ERA,huong491120@gmail.com,HỢP LỆ,lead_1791424390158_8vm5c5,rcpt_1791424390158_y7r7ek
08/10/2026 08:53:10,NP-2026-0358,Trần Quỳnh Liên,0936091011,031590,KHẢI MINH LAND,lienquynh1986@gmail.com,HỢP LỆ,lead_1791424390887_u142ih,rcpt_1791424390887_g132t6
08/10/2026 08:53:10,NP-2026-0359,Ngô Văn Khoa,0901665567,007846,T&A,ngokhoald@gmail.com,HỢP LỆ,lead_1791424390911_p53gtm,rcpt_1791424390911_rxj7md
08/10/2026 08:53:11,NP-2026-0360,BÙI TRƯƠNG THÀNH,0702322808,014333,CHÂU ĐẠI DƯƠNG,thanhbuitruong1311@gmail.com,HỢP LỆ,lead_1791424391718_lrzajw,rcpt_1791424391718_4vbacy
08/10/2026 08:53:11,NP-2026-0361,ĐINH THỊ HIỀN EM,0901189525,003592,SGROUP,tuankietfoody@gmail.com,HỢP LỆ,lead_1791424391821_92kx61,rcpt_1791424391821_ec2iyk
08/10/2026 08:53:12,NP-2026-0362,Nguyễn Tri Phước,0786318683,005388,T&A,triphuoc2508@gmail.com,HỢP LỆ,lead_1791424392111_d0nu5g,rcpt_1791424392111_pwzc2e
08/10/2026 08:53:12,NP-2026-0363,Nguyễn Thị Như Cúc,0909677860,030933,GEMS LAND,cucnguyen290389@gmail.com,HỢP LỆ,lead_1791424392930_loq1i6,rcpt_1791424392930_0b3euc
08/10/2026 08:53:16,NP-2026-0364,Trần Văn Tú,0983087675,026825,T&A,tranvantu116@gmail.com,HỢP LỆ,lead_1791424396305_9bw5jz,rcpt_1791424396305_yv8xrx
08/10/2026 08:53:17,NP-2026-0365,Nguyễn Hà Tân,0905168681,000681,REDCA,nguyenhatan1976@gmail.com,HỢP LỆ,lead_1791424397017_aee3ge,rcpt_1791424397017_2xn9cx
08/10/2026 08:53:17,NP-2026-0366,Nguyễn Quốc Hào,0707475068,002732,SGROUP,lucahao.sgroup@gmail.com,HỢP LỆ,lead_1791424397101_q0a2rl,rcpt_1791424397101_spdk6v
08/10/2026 08:53:22,NP-2026-0367,Ngô Tùng Tân,0768993687,002923,NEWSTARHOMES,ngotungtan@gmail.com,HỢP LỆ,lead_1791424402414_xj0nuq,rcpt_1791424402414_j3lqti
08/10/2026 08:53:30,NP-2026-0368,Nguyễn Nữ Tường Vi,0909145557,640244,REDCA,tuongvilavi@gmail.com,HỢP LỆ,lead_1791424410459_uflh6e,rcpt_1791424410459_0j8vpd
08/10/2026 08:53:32,NP-2026-0369,Nguyễn Thị Như Ý,0353564664,010611,ĐÔNG TÂY LAND,nhuynguyen0696@gmail.com,HỢP LỆ,lead_1791424412005_l1i3xa,rcpt_1791424412005_njnq32
08/10/2026 08:53:32,NP-2026-0370,Lê Thị Khánh Huyền,0969509345,000545,SMARTLAND,lkh.huyen95@gmail.com,HỢP LỆ,lead_1791424412298_ndi3rj,rcpt_1791424412298_t7jqn1
08/10/2026 08:53:32,NP-2026-0371,Trương Thị Anh Thư,0908733443,000685,KHẢI MINH LAND,truonganhthu2002@gmail.com,HỢP LỆ,lead_1791424412921_bvpl8u,rcpt_1791424412921_fe7cw0
08/10/2026 08:53:34,NP-2026-0372,Lê Kiều Trinh,0392222583,008081,CHÂU ĐẠI DƯƠNG,kieutrinhjerry@gmail.com,HỢP LỆ,lead_1791424414470_kk1yox,rcpt_1791424414470_6kbu7n
08/10/2026 08:53:35,NP-2026-0373,Lê Thị Tài Linh,0901313995,029897,CBC,linhlethi2210@gmail.com,HỢP LỆ,lead_1791424415807_4lhzfq,rcpt_1791424415807_nuxnuz
08/10/2026 08:53:36,NP-2026-0374,Hồ Thị Bích Đào,0937933456,000108,SAVILLS,Hthibichdao@savills.com.vn,HỢP LỆ,lead_1791424416833_xuyyhz,rcpt_1791424416833_fqpx17
08/10/2026 08:53:37,NP-2026-0375,Thuý Kiều,0929264468,001535,SGROUP,iriskieu.sgroup@gmail.com,HỢP LỆ,lead_1791424417784_xs2pux,rcpt_1791424417784_tdvle3
08/10/2026 08:53:38,NP-2026-0376,Huỳnh Văn Hùng,0929888991,008486,AN KHANG HOMES,ihunghuynh.com@gmail.com,HỢP LỆ,lead_1791424418810_yeehi5,rcpt_1791424418810_azgf8i
08/10/2026 08:53:40,NP-2026-0377,Tony,0971965810,943503,INDOCHINE,leiq5810@gmail.com,HỢP LỆ,lead_1791424420100_4l3fn7,rcpt_1791424420100_5j3w3l
08/10/2026 08:53:41,NP-2026-0378,Trần Thị Ngân Thu,0932120791,023356,LIÊN GIA LAND,trinhkim312@gmail.com,HỢP LỆ,lead_1791424421069_y3l16p,rcpt_1791424421069_ro8ffr
08/10/2026 08:53:41,NP-2026-0379,Nguyễn Trọng Nam,0906627855,008579,CHÂU ĐẠI DƯƠNG,trongnamnguyen4492@gmail.com,HỢP LỆ,lead_1791424421289_ob12dj,rcpt_1791424421290_rnwd9o
08/10/2026 08:53:41,NP-2026-0380,Nguyễn Thành Nhân,0933414764,000143,NEWSTARHOMES,nhannguyen08690@gmail.com,HỢP LỆ,lead_1791424421591_b86q8q,rcpt_1791424421591_jhe0n4
08/10/2026 08:53:43,NP-2026-0381,Đinh Thanh Bình,0818650728,001332,IQI,thanhbinh11an2@gmail.com,HỢP LỆ,lead_1791424423278_cfngv9,rcpt_1791424423278_soh2m6
08/10/2026 08:53:43,NP-2026-0382,Nguyễn Lâm Hồng,0983968022,012077,INDOCHINE,hongnl.idc@dxmb.vn,HỢP LỆ,lead_1791424423822_hzro8v,rcpt_1791424423822_y5hv1m
08/10/2026 08:53:44,NP-2026-0383,Nguyễn Minh Tuấn,0961550401,002307,INDOCHINE,tuannguyen281001@gmail.com,HỢP LỆ,lead_1791424424691_cqk3uu,rcpt_1791424424691_trdwrt
08/10/2026 08:53:44,NP-2026-0384,Lâm Thành Trung,0931909885,040723,CHÂU ĐẠI DƯƠNG,thanhtrung0691bp@gmail.com,HỢP LỆ,lead_1791424424830_bnlf3s,rcpt_1791424424830_ksae7j
08/10/2026 08:53:46,NP-2026-0385,Quách Đạt Thịnh,0383256370,002540,PEGASUS,thinh.qd@pegasusrealty.vn,HỢP LỆ,lead_1791424426615_rk2bj4,rcpt_1791424426615_cwka2o
08/10/2026 08:53:48,NP-2026-0386,Lưu Tuấn Cường,0934129033,000678,SMARTLAND,cuongluu0211@gmail.com,HỢP LỆ,lead_1791424428305_6gn97g,rcpt_1791424428305_unto84
08/10/2026 08:53:48,NP-2026-0387,Lưu Thế Hậu,0934067691,024666,SGI,luuthehau1995@gmail.com,HỢP LỆ,lead_1791424428926_bby38l,rcpt_1791424428926_41yw31
08/10/2026 08:53:52,NP-2026-0388,Nguyễn Thị Hoàng Oanh,0931882539,009539,SALEREAL,hoangoanh09031990@gmail.com,HỢP LỆ,lead_1791424432568_4gzq6x,rcpt_1791424432568_ic6e3n
08/10/2026 08:53:52,NP-2026-0389,Nguyễn Giang Tử,0943377007,002931,VIỆT NAM LAND,,HỢP LỆ,lead_1791424432787_g5y8ua,rcpt_1791424432787_jog5nm
08/10/2026 08:53:53,NP-2026-0390,Đặng Thành Lợi,0932697882,010478,BAM LAND,loidangtbl0103@gmail.com,HỢP LỆ,lead_1791424433029_2eil1l,rcpt_1791424433029_k89vcs
08/10/2026 08:53:54,NP-2026-0391,Tống Quốc Minh,0901414237,040177,ERA,,HỢP LỆ,lead_1791424434678_yxgo5e,rcpt_1791424434679_3meypv
08/10/2026 08:53:55,NP-2026-0392,Lâm Thanh Duy,0899308808,000908,SMARTLAND,,HỢP LỆ,lead_1791424435502_8za3bl,rcpt_1791424435502_l5x398
08/10/2026 08:53:55,NP-2026-0393,Nguyễn Ngọc Toàn,0934040703,003647,CHÂU ĐẠI DƯƠNG,nguyen.ngoctoan46@gmail.com,HỢP LỆ,lead_1791424435794_g6pwqy,rcpt_1791424435794_i29ksi
08/10/2026 08:54:00,NP-2026-0394,LƯU GIA MỸ,0902345990,005258,SGI,giamyluust@gmail.com,HỢP LỆ,lead_1791424440941_2wvnhh,rcpt_1791424440941_xyuccc
08/10/2026 08:54:03,NP-2026-0395,Dương Hồng Minh,0931323399,016865,GEMS LAND,jeongnhatminh@gmail.com,HỢP LỆ,lead_1791424443804_dswi8q,rcpt_1791424443804_coxwok
08/10/2026 08:54:04,NP-2026-0396,Lưu Tuấn Anh,0974021899,047032,NEWSTARHOMES,tuananh.my@gmail.com,HỢP LỆ,lead_1791424444872_psxnk8,rcpt_1791424444872_ovr5mf
08/10/2026 08:54:04,NP-2026-0397,Nguyễn Thị Ngọc Thuý,0938745334,000554,GLOBAL HOMES,ngocthuy882888@gmail.com,HỢP LỆ,lead_1791424444906_sex46w,rcpt_1791424444906_tzovco
08/10/2026 08:54:05,NP-2026-0398,Phạm Thị Thu Hoài,0906826278,016559,BAM LAND,phamthithuhoai.2708@gmail.com,HỢP LỆ,lead_1791424445635_dvidna,rcpt_1791424445635_m52ycm
08/10/2026 08:54:06,NP-2026-0399,HUỲNH TRẦN NHẬT PHI,0584165044,008044,PEGASUS,huynhtranphi27@gmail.com,HỢP LỆ,lead_1791424446206_hj1o4d,rcpt_1791424446206_r7lzjs
08/10/2026 08:54:06,NP-2026-0400,Mai Thị Hảo,0938030195,019129,SMARTLAND,maihao@smartland.vn,HỢP LỆ,lead_1791424446313_x9q3m1,rcpt_1791424446313_5qka56
08/10/2026 08:54:08,NP-2026-0401,Đoàn Tấn Lợi,0902402586,038555,CBC,doanloi.bds2009@gmail.com,HỢP LỆ,lead_1791424448104_9wkzj1,rcpt_1791424448104_7qbb36
08/10/2026 08:54:10,NP-2026-0402,Nguyễn Thiện Đức,0924598686,003992,NOVAZON,thienducreview@gmail.com,HỢP LỆ,lead_1791424450475_bec7mp,rcpt_1791424450475_2noeqv
08/10/2026 08:54:11,NP-2026-0403,Đinh Xuân Sinh,0886546588,005400,EMG,,HỢP LỆ,lead_1791424451285_1azyk3,rcpt_1791424451285_pjdv0z
08/10/2026 08:54:12,NP-2026-0404,Trần Tuấn Vũ,0969973003,004925,SGI,vuttilika@gmail.com,HỢP LỆ,lead_1791424452834_mno8wz,rcpt_1791424452834_zhsfka
08/10/2026 08:54:13,NP-2026-0405,Phạm Thị Thi Nhiệm,0911188827,020329,ĐÔNG TÂY LAND,nhiempham1503@gmail.com,HỢP LỆ,lead_1791424453175_7v9a4n,rcpt_1791424453175_h9ldqn
08/10/2026 08:54:13,NP-2026-0406,TRẦN QUANG SANG,0945219559,022251,INDOCHINE,tranquangsang501@gmail.com,HỢP LỆ,lead_1791424453576_h2iyb7,rcpt_1791424453576_6mn29g
08/10/2026 08:54:15,NP-2026-0407,Đỗ Quyên Quyên,0903889983,006750,PQR,dqquyen116@gmail.com,HỢP LỆ,lead_1791424455159_mc3sjg,rcpt_1791424455159_3k19hf
08/10/2026 08:54:15,NP-2026-0408,Lữ Diệp Nhớ,0342442293,007960,RED GROUP,ludiepnho93@gmail.com,HỢP LỆ,lead_1791424455379_ju0zco,rcpt_1791424455379_e54a01
08/10/2026 08:54:15,NP-2026-0409,Nguyễn Công Vĩ,0913926004,014589,SGI,nguyencongvint9.1@gmail.com,HỢP LỆ,lead_1791424455519_0a2kaw,rcpt_1791424455519_2iiz7t
08/10/2026 08:54:19,NP-2026-0410,Nguyễn Thị Minh Phụng,0938195182,005037,RED GROUP,ntmphung.cci1211@gmail.com,HỢP LỆ,lead_1791424459025_t5uwdr,rcpt_1791424459025_td84dy
08/10/2026 08:54:21,NP-2026-0411,Nguyễn Phạm Thảo Chi,0866408902,075302,SGI,thienhatran12@gmail.com,HỢP LỆ,lead_1791424461008_0uhize,rcpt_1791424461008_3s9tcp
08/10/2026 08:54:22,NP-2026-0412,Nguyễn Hoàng Cát Tiên,0768164922,021576,RED GROUP,nguyenhcattien.2229@gmail.com,HỢP LỆ,lead_1791424462412_nisb49,rcpt_1791424462412_y6mgp6
08/10/2026 08:54:23,NP-2026-0413,Hiến Bùi,0931156766,008430,CHÂU ĐẠI DƯƠNG,alive15.bh@gmail.com,HỢP LỆ,lead_1791424463983_fhr2q7,rcpt_1791424463983_fkcm2j
08/10/2026 08:54:24,NP-2026-0414,Lê Đăng Hải,0967482679,014554,NOVAZON,,HỢP LỆ,lead_1791424464005_1gbxwi,rcpt_1791424464005_ysps1n
08/10/2026 08:54:24,NP-2026-0415,Trần Huyền Anh,0934483138,022272,REVER,,HỢP LỆ,lead_1791424464046_ruul14,rcpt_1791424464046_0afkav
08/10/2026 08:54:25,NP-2026-0416,Hoàng Thị Hằng,0908285525,075199,CBC,hoanghang3999@gmail.com,HỢP LỆ,lead_1791424465976_ezv5hx,rcpt_1791424465976_qtaka5
08/10/2026 08:54:28,NP-2026-0417,Đào Trí Thông,0907797434,003433,BAM LAND,,HỢP LỆ,lead_1791424468699_opyszi,rcpt_1791424468699_uyxjvz
08/10/2026 08:54:28,NP-2026-0418,Huỳnh Thị Thuý Kiều,0938684925,000114,IQI,huynh.thuykieu92@gmail.com,HỢP LỆ,lead_1791424468810_e7e54v,rcpt_1791424468810_s6lmk4
08/10/2026 08:54:30,NP-2026-0419,Lưu Hoàng Cẩm Thư,0939545437,011330,SAVILLS,lhoangcamthu@savills.com.vn,HỢP LỆ,lead_1791424470009_ron73t,rcpt_1791424470009_ppzaoe
08/10/2026 08:54:31,NP-2026-0420,Nguyễn Thị Ngọc Trâm,0931818427,001972,GLOBAL HOMES,tramnguyen0183@gmail.com,HỢP LỆ,lead_1791424471462_yg1yxf,rcpt_1791424471462_xg31zd
08/10/2026 08:54:31,NP-2026-0421,Hồ Viết Toàn,0931956639,007848,BAM LAND,hoviettoan5@gmail.com,HỢP LỆ,lead_1791424471723_lbbt4x,rcpt_1791424471723_tm9n4j
08/10/2026 08:54:31,NP-2026-0422,Nguyễn Thị Lệ Bình,0976429435,015458,RED GROUP,lebinh30042k4@gmail.com,HỢP LỆ,lead_1791424471922_uc8k9p,rcpt_1791424471922_kb1cal
08/10/2026 08:54:31,NP-2026-0423,Lê Thanh Duy,0767638838,000585,NEWSTARHOMES,duylt@newstarland.com,HỢP LỆ,lead_1791424471964_nf8z2m,rcpt_1791424471964_mrodj6
08/10/2026 08:54:35,NP-2026-0424,Trần Thị Tú Quyên,0398557901,017957,INDOCHINE,quyenttt.idc@dxmb.vn,HỢP LỆ,lead_1791424475345_cl39kh,rcpt_1791424475345_qvpddl
08/10/2026 08:54:35,NP-2026-0425,Trương Mai Gia Hân,0845200305,000893,VIỆT NAM LAND,giahantk2305@gmail.com,HỢP LỆ,lead_1791424475366_asaoin,rcpt_1791424475366_zx1evr
08/10/2026 08:54:35,NP-2026-0426,Nguyễn Thị Anh Thi,0971877363,013203,EMG,thiennguyen.1510944@gmail.con,HỢP LỆ,lead_1791424475382_nrfm16,rcpt_1791424475382_o12wwt
08/10/2026 08:54:35,NP-2026-0427,Hoàng Thị Vân Oanh,0356797709,004419,TNP HOLDINGS,hoangvanoanh249@gmail.com,HỢP LỆ,lead_1791424475999_9vg50s,rcpt_1791424475999_89j52s
08/10/2026 08:54:37,NP-2026-0428,Nguyễn Ngọc Phúc,0907277738,004123,VIET NAM PROPERTY,,HỢP LỆ,lead_1791424477753_1hdp4b,rcpt_1791424477753_rgjory
08/10/2026 08:54:37,NP-2026-0429,Nguyễn Duy Mạnh,0938046538,013729,GEMS LAND,nguyenduymanh.81@gmail.com,HỢP LỆ,lead_1791424477907_ukb7rp,rcpt_1791424477907_3n7v0b
08/10/2026 08:54:38,NP-2026-0430,Nguyễn Hữu Gia Long,0945821681,019189,ERA,,HỢP LỆ,lead_1791424478669_de1p5a,rcpt_1791424478669_qaqra2
08/10/2026 08:54:38,NP-2026-0431,Hoàng Bảo Thuỳ,0973489479,004382,CHÂU ĐẠI DƯƠNG,hoangbaothuy77@gmail.com,HỢP LỆ,lead_1791424478889_3hd5uj,rcpt_1791424478889_0ml5qx
08/10/2026 08:54:39,NP-2026-0432,Trầm Bảo Ngân,0939121616,015328,BAM LAND,baonganktr@gmail.com,HỢP LỆ,lead_1791424479753_eoxpnh,rcpt_1791424479753_wgwdbk
08/10/2026 08:54:39,NP-2026-0433,Khánh Hòa,0916816820,001315,SGROUP,hoanghoa15082004@gmail.com,HỢP LỆ,lead_1791424479977_o0vrg8,rcpt_1791424479977_jv8x8z
08/10/2026 08:54:42,NP-2026-0434,Nguyễn Tấn Tài,0797395672,006447,SAVILLS,stevennguyen20.tt@gmail.com,HỢP LỆ,lead_1791424482446_mqrm4b,rcpt_1791424482446_3cmmde
08/10/2026 08:54:43,NP-2026-0435,Huỳnh Quang Thái,0355305191,016874,TNP HOLDINGS,huynhthai4391@gmail.com,HỢP LỆ,lead_1791424483934_w5lskh,rcpt_1791424483934_b8ii8j
08/10/2026 08:54:43,NP-2026-0436,KHÚC THỊ THUỲ TRANG,0982812785,016468,INDOCHINE,khucthuytrang127@gmail.com,HỢP LỆ,lead_1791424483987_5vfrke,rcpt_1791424483987_ecb5wo
08/10/2026 08:54:44,NP-2026-0437,Biện Ngọc Anh,0862493349,011434,T&A,bienngocanh6@gmail.com,HỢP LỆ,lead_1791424484360_ru1l0u,rcpt_1791424484360_5zcvwi
08/10/2026 08:54:45,NP-2026-0438,Trương Phan Bảo Trân,0917689519,006730,BAM LAND,baotran020920@gmail.com,HỢP LỆ,lead_1791424485690_r0b9hs,rcpt_1791424485690_3s54e2
08/10/2026 08:54:46,NP-2026-0439,Lý Minh Hoàng,0866888771,015250,CHÂU ĐẠI DƯƠNG,,HỢP LỆ,lead_1791424486226_u4r5mj,rcpt_1791424486226_3hrrt5
08/10/2026 08:54:47,NP-2026-0440,Huỳnh Thị Linh Đan,0919914309,012370,BAM LAND,linhdan732@gmail.com,HỢP LỆ,lead_1791424487227_xje9ie,rcpt_1791424487227_t3o2g8
08/10/2026 08:54:47,NP-2026-0441,Nguyễn ĐỨC THIỆN,0825558999,002892,NOVAZON,nguyenducthien230798@gmail.com,HỢP LỆ,lead_1791424487993_so2e6n,rcpt_1791424487993_nj6noi
08/10/2026 08:54:48,NP-2026-0442,Nguyễn Hữu Trí,0905924699,003024,BAM LAND,tri.vtc@gmail.com,HỢP LỆ,lead_1791424488244_1xgllx,rcpt_1791424488244_c188gn
08/10/2026 08:54:49,NP-2026-0443,VƯƠNG THỊ KIM NGÂN,0917199941,012153,VIET NAM PROPERTY,vtk.ngan2811@gmail.com,HỢP LỆ,lead_1791424489169_mz6u4f,rcpt_1791424489169_ttmxzr
08/10/2026 08:54:50,NP-2026-0444,Lê Hiếu Long,0908581892,004885,GEMS LAND,hieulongreal@gmail.com,HỢP LỆ,lead_1791424490318_9gurvl,rcpt_1791424490318_5q50gw
08/10/2026 08:54:50,NP-2026-0445,Trần Thị Thanh Thư,0818659589,003913,NEWSTARHOMES,thuttt@newstarland.com,HỢP LỆ,lead_1791424490371_a1epps,rcpt_1791424490371_ka7brb
08/10/2026 08:54:55,NP-2026-0446,Nguyễn Hoàng Sơn,0931805009,024278,SAVILLS,NHoangSon@savills.com.vn,HỢP LỆ,lead_1791424495062_4hm4zs,rcpt_1791424495062_be5yq3
08/10/2026 08:54:56,NP-2026-0447,Bạch Ngọc Chánh,0909603839,077098,SMARTLAND,bachngocchanh@gmail.com,HỢP LỆ,lead_1791424496544_uv8tus,rcpt_1791424496544_c34oez
08/10/2026 08:54:57,NP-2026-0448,Trương Thị Thu Hà,0931240270,009785,IQI,hatruong2008hnt@gmail.com,HỢP LỆ,lead_1791424497148_zy3v2e,rcpt_1791424497148_7qje9i
08/10/2026 08:54:57,NP-2026-0449,Phạm Quang Khánh Duy,0934581581,028234,RED GROUP,,HỢP LỆ,lead_1791424497350_q96coh,rcpt_1791424497350_acr6mb
08/10/2026 08:54:59,NP-2026-0450,Phạm Thị Tường Vy,0933878388,000072,SMARTLAND,rosie.nncg@gmail.com,HỢP LỆ,lead_1791424499236_t3gpyg,rcpt_1791424499236_g3vhes
08/10/2026 08:55:00,NP-2026-0451,Nguyễn Mạnh Cường,0786719786,003566,IQI,Nguyencuongbds.info@gmail.com,HỢP LỆ,lead_1791424500225_tt5qcr,rcpt_1791424500225_jqzrwx
08/10/2026 08:55:01,NP-2026-0452,Nguyễn Phi Chương,0941277117,013377,GEMS LAND,nguyenchuongutc2@gmail.com,HỢP LỆ,lead_1791424501279_oebluw,rcpt_1791424501279_sjcbh9
08/10/2026 08:55:01,NP-2026-0453,Nguyễn Phương Nam,0365542420,009977,RED GROUP,phuongnam4212@gmail.com,HỢP LỆ,lead_1791424501622_5piovh,rcpt_1791424501622_rpheoi
08/10/2026 08:55:03,NP-2026-0454,Huỳnh Minh Trang,0938058915,004246,EMG,trangdckt2010@gmail.com,HỢP LỆ,lead_1791424503250_4ht6pn,rcpt_1791424503250_rifuko
08/10/2026 08:55:04,NP-2026-0455,Lê Phạm Ái Duy,0901219218,011806,T&A,lephamaiduy@gmail.com,HỢP LỆ,lead_1791424504894_lxlbtq,rcpt_1791424504894_zgv45n
08/10/2026 08:55:06,NP-2026-0456,Phạm văn Hoài,0981880380,010420,BAM LAND,,HỢP LỆ,lead_1791424506992_pkta55,rcpt_1791424506992_eau2s8
08/10/2026 08:55:07,NP-2026-0457,Huỳnh Ngọc Phú,0975863248,009512,GEMS LAND,huynhphu150790@gmail.com,HỢP LỆ,lead_1791424507323_2z94xh,rcpt_1791424507323_1cmokt
08/10/2026 08:55:10,NP-2026-0458,Nguyễn Trần Nhựt Huy,0961454517,012944,PITALAND,huynguyenmc26@gmail.com,HỢP LỆ,lead_1791424510134_xp3zfe,rcpt_1791424510134_8ywb5p
08/10/2026 08:55:11,NP-2026-0459,Nguyễn Phi Khanh,0925995577,035151,AN KHANG HOMES,nguyenphikhanh279@gmail.com,HỢP LỆ,lead_1791424511730_h85df7,rcpt_1791424511730_1uvft2
08/10/2026 08:55:12,NP-2026-0460,Nguyễn Bảo Trâm,0867825029,005007,T&A,,HỢP LỆ,lead_1791424512639_n3rhz7,rcpt_1791424512639_ax1fan
08/10/2026 08:55:14,NP-2026-0461,Triệu Thị Tươi,0936822317,911352,CBC,,HỢP LỆ,lead_1791424514407_vkw317,rcpt_1791424514407_bf803b
08/10/2026 08:55:14,NP-2026-0462,Trương Thị Vân Khanh,0923598481,001807,SMARTLAND,truongthivankhanh411@gmail.com,HỢP LỆ,lead_1791424514670_6jg4oo,rcpt_1791424514670_cstwfr
08/10/2026 08:55:17,NP-2026-0463,Nguyễn Ngọc Duy,0907552568,008238,IQI,duy.ng.nguyen171@gmail.com,HỢP LỆ,lead_1791424517144_nyih4u,rcpt_1791424517144_cij8w3
08/10/2026 08:55:21,NP-2026-0464,Nguyễn Lê Đức Danh,0969813811,006697,SMARTLAND,danhnld2012@gmail.com,HỢP LỆ,lead_1791424521640_1t7gpp,rcpt_1791424521640_0hzbjv
08/10/2026 08:55:24,NP-2026-0465,Nguyễn Đình Trọng,0394366420,009383,HOMEDAY,www.kutrong3575@gmail.com,HỢP LỆ,lead_1791424524756_ovt2kr,rcpt_1791424524756_jhsthj
08/10/2026 08:55:25,NP-2026-0466,Dương Ngô Tiến Minh,0906908890,011786,SGI,duongngotienminh@gmail.com,HỢP LỆ,lead_1791424525113_cbwzyz,rcpt_1791424525113_4ex591
08/10/2026 08:55:25,NP-2026-0467,Nguyễn Trà My,0915499184,012574,PITALAND,mynguyen04032004@gmail.com,HỢP LỆ,lead_1791424525252_cm1tpn,rcpt_1791424525252_fr5dns
08/10/2026 08:55:25,NP-2026-0468,Nguyễn Văn Minh,0939190392,001883,RED GROUP,vanminhvtone@gmail.com,HỢP LỆ,lead_1791424525863_aj32ea,rcpt_1791424525863_chhehz
08/10/2026 08:55:26,NP-2026-0469,Trịnh trọng vinh,0908683608,029364,SMARTLAND,trinhtrongvinh2014@gmail.com,HỢP LỆ,lead_1791424526972_s7l8vy,rcpt_1791424526972_ylob4a
08/10/2026 08:55:27,NP-2026-0470,nguyễn trọng hiếu,0974116991,012631,GLOBAL HOMES,,HỢP LỆ,lead_1791424527970_viy4rc,rcpt_1791424527970_4a18rh
08/10/2026 08:55:28,NP-2026-0471,Trần Đình Thắng,0989220194,011956,T&A,thangtran94.qn@gmail.com,HỢP LỆ,lead_1791424528867_dv24es,rcpt_1791424528867_bpa3u2
08/10/2026 08:55:30,NP-2026-0472,Nguyễn Trần trung kiên,0969920335,920335,NOVAZON,,HỢP LỆ,lead_1791424530836_cr38cj,rcpt_1791424530836_8kav3f
08/10/2026 08:55:31,NP-2026-0473,Huỳnh Ngọc Hồ,0909008097,005525,PITALAND,hnhc4008@gmail.com,HỢP LỆ,lead_1791424531969_52phbk,rcpt_1791424531969_bm0vhu
08/10/2026 08:55:33,NP-2026-0474,Chung Thụy Hồng Thảo,0584223642,016820,SAVILLS,cthuyhongthao@savills.com.vn,HỢP LỆ,lead_1791424533382_bpyp85,rcpt_1791424533382_2c2bhq
08/10/2026 08:55:34,NP-2026-0475,Nguyễn Thị Nhung,0978577974,006322,PITALAND,nthinhung2005@gmail.com,HỢP LỆ,lead_1791424534330_xuaey4,rcpt_1791424534330_p6miwl
08/10/2026 08:55:34,NP-2026-0476,Phan Huỳnh Quế Em,0984554309,001711,SGI,queemp1505@gmail.com,HỢP LỆ,lead_1791424534530_s6s11f,rcpt_1791424534530_nnzzyg
08/10/2026 08:55:35,NP-2026-0477,Nguyễn Trường Giang,0362508964,010989,TNP HOLDINGS,,HỢP LỆ,lead_1791424535168_3cbjdb,rcpt_1791424535168_v037p3
08/10/2026 08:55:36,NP-2026-0478,Phạm Thị Nguyệt,0987753105,031973,ERA,nguyet.pham@era.com.vn,HỢP LỆ,lead_1791424536276_bqm6o3,rcpt_1791424536276_evvxi1
08/10/2026 08:55:37,NP-2026-0479,Trần Thị Ngọc Trâm,0797901971,009558,T&A,ngoctramuehk36@gmail.com,HỢP LỆ,lead_1791424537327_d4nhrr,rcpt_1791424537327_vmtl0i
08/10/2026 08:55:38,NP-2026-0480,DƯƠNG ĐẶNG ÁNH HỒNG,0888143993,021752,GEMS LAND,hong.duongdanganh@gamudaland.com.my,HỢP LỆ,lead_1791424538422_8x2o10,rcpt_1791424538423_wip2do
08/10/2026 08:55:38,NP-2026-0481,Lê Minh Hoàng,0916688663,003256,NOVAZON,,HỢP LỆ,lead_1791424538517_evm0no,rcpt_1791424538517_noqcox
08/10/2026 08:55:38,NP-2026-0482,Lê Thanh Tùng,0934202386,010542,T&A,thanhtungle368@gmail.com,HỢP LỆ,lead_1791424538565_knwwny,rcpt_1791424538565_u7gyz0
08/10/2026 08:55:38,NP-2026-0483,Vy Thị Tường Vy,0392542331,010547,ERA,vy.vy@era.com.vn,HỢP LỆ,lead_1791424538977_iaxcbq,rcpt_1791424538977_ubqzqs
08/10/2026 08:55:42,NP-2026-0484,VÕ THỊ MỸ LỆ,0909310411,020069,KHẢI MINH LAND,hoa.kandy@gmail.com,HỢP LỆ,lead_1791424542514_dkl90z,rcpt_1791424542514_98dlu7
08/10/2026 08:55:46,NP-2026-0485,Giang Kim Huy,0906624491,013651,SMARTLAND,huy.giang244@gmail.com,HỢP LỆ,lead_1791424546236_x59ddp,rcpt_1791424546236_3dacmy
08/10/2026 08:55:46,NP-2026-0486,Lữ Ngọc Sinh,0839342268,011856,ERA,ngocsinhlu1210@gmail.com,HỢP LỆ,lead_1791424546555_n817iu,rcpt_1791424546555_nefvfp
08/10/2026 08:55:46,NP-2026-0487,La Mỹ Ngân,0913596272,004652,CBC,,HỢP LỆ,lead_1791424546855_vxejhp,rcpt_1791424546855_vc2snx
08/10/2026 08:55:48,NP-2026-0488,Nguyễn Đức Tình,0909569916,008286,KHẢI MINH LAND,nguyenduc119934@gmail.com,HỢP LỆ,lead_1791424548367_ty8hvb,rcpt_1791424548367_nqueh7
08/10/2026 08:55:50,NP-2026-0489,Tạ Thị Hoài Trâm,0963257336,008833,ERA,tramqn3@gmail.com,HỢP LỆ,lead_1791424550433_wobr09,rcpt_1791424550433_2eo2yv
08/10/2026 08:55:50,NP-2026-0490,Trần Minh Tôn Vĩnh Phúc,0949855827,004011,KHẢI MINH LAND,vinhphuc.khaihoanland@gmail.com,HỢP LỆ,lead_1791424550986_rlsdp2,rcpt_1791424550986_lvpmok
08/10/2026 08:55:52,NP-2026-0491,Nguyễn quang hải,0898856834,002275,CBC,,HỢP LỆ,lead_1791424552556_93sodg,rcpt_1791424552556_b575cx
08/10/2026 08:55:52,NP-2026-0492,Nguyễn Thị Hương,0962463136,004112,SMARTLAND,huongsky136@gmail.com,HỢP LỆ,lead_1791424552966_3db1jb,rcpt_1791424552966_0305gk
08/10/2026 08:55:52,NP-2026-0493,Bùi Thị Thu Phượng,0902013147,006118,SMARTLAND,thuphuong.bui@smartland.vn,HỢP LỆ,lead_1791424552987_ntujhm,rcpt_1791424552987_1sfppu
08/10/2026 08:55:54,NP-2026-0494,Nguyễn Tuyết Băng Dương,0838097647,009580,AKA PROPERTY,Nguyentuyetbangduong@gmail.com,HỢP LỆ,lead_1791424554368_d0f6i0,rcpt_1791424554368_410dmj
08/10/2026 08:55:54,NP-2026-0495,Lê Công Thành,0911199542,013349,T&A,calvin.lthanh@gmail.com,HỢP LỆ,lead_1791424554621_vgw0p9,rcpt_1791424554621_i9hxxp
08/10/2026 08:55:57,NP-2026-0496,Đoàn Ngọc Linh,0902443269,005199,GEMS LAND,,HỢP LỆ,lead_1791424557649_au2cl1,rcpt_1791424557649_w9btku
08/10/2026 08:55:57,NP-2026-0497,Nguyễn Ninh Hòa,0936667681,005322,SGI,antonnguyen272@gmail.com,HỢP LỆ,lead_1791424557705_lkd4o7,rcpt_1791424557705_2oviox
08/10/2026 08:55:58,NP-2026-0498,Đinh Hoàng Tâm,0847670991,038131,SMARTLAND,hihihi11251@gmail.com,HỢP LỆ,lead_1791424558012_1nhfg8,rcpt_1791424558012_2ajeuu
08/10/2026 08:55:59,NP-2026-0499,Lê Ngọc Quý,0902320828,004795,GLOBAL HOMES,tinduan.org@gmail.com,HỢP LỆ,lead_1791424559050_f1sdu3,rcpt_1791424559050_f5b941
08/10/2026 08:56:05,NP-2026-0500,Nguyễn Huỳnh Tường Vi,0903688830,007773,T&A,vihomes1988@gmail.com,HỢP LỆ,lead_1791424565189_j7dnwy,rcpt_1791424565189_2uuwy0
08/10/2026 08:56:05,NP-2026-0501,Nguyễn Vũ Ý Vi,0369498616,011485,PITALAND,nguyenvuyvi090605@gmail.com,HỢP LỆ,lead_1791424565364_azlmtq,rcpt_1791424565364_tcwheu
08/10/2026 08:56:08,NP-2026-0502,Nguyễn Việt Đúng,0918252825,008802,NOVAZON,dungnguyenproperty@gmail.com,HỢP LỆ,lead_1791424568069_3hxp6t,rcpt_1791424568069_0ojo8n
08/10/2026 08:56:09,NP-2026-0503,Phan Thị Hoan,0902528902,004877,SMARTLAND,hoan.spt4334@gmail.com,HỢP LỆ,lead_1791424569797_vhyfae,rcpt_1791424569797_obbakb
08/10/2026 08:56:09,NP-2026-0504,Hồ Thị Quỳnh Như,0909125637,011233,RED GROUP,hothiquynhnhu1301@gmail.com,HỢP LỆ,lead_1791424569979_icv7zw,rcpt_1791424569979_wfls2t
08/10/2026 08:56:13,NP-2026-0505,Lâm Nguyễn Trọng Văn,0906782602,016954,UNITY LAND,,HỢP LỆ,lead_1791424573815_qyeiu5,rcpt_1791424573815_yzscsk
08/10/2026 08:56:16,NP-2026-0506,Hoàng Thịnh Vượng,0906968888,009928,EMPIRE REALTY,,HỢP LỆ,lead_1791424576851_tcoahn,rcpt_1791424576851_ykl0te
08/10/2026 08:56:16,NP-2026-0507,Tạ Hoàng Minh,0908699925,000116,T&A,hoangminhta99@gmail.com,HỢP LỆ,lead_1791424576994_rmphro,rcpt_1791424576994_2vv21q
08/10/2026 08:56:18,NP-2026-0508,Trần Nguyễn Thảo Trang,0938035757,006063,GEMS LAND,thaotrang200993@gmail.com,HỢP LỆ,lead_1791424578401_dq9etb,rcpt_1791424578401_ztsmft
08/10/2026 08:56:18,NP-2026-0509,Nguyễn Thị Anh Thư,0789814946,007237,SMARTLAND,emma.invest4946@gmail.com,HỢP LỆ,lead_1791424578529_vudf6l,rcpt_1791424578529_gvrt9z
08/10/2026 08:56:18,NP-2026-0510,Dương Minh Triết,0902337903,970174,SMARTLAND,duongtriet13797@gmail.com,HỢP LỆ,lead_1791424578872_tx1kt1,rcpt_1791424578872_9c3190
08/10/2026 08:56:18,NP-2026-0511,Nguyễn Thị Kim Thanh,0935358383,000457,T&A,,HỢP LỆ,lead_1791424578935_d7w2s3,rcpt_1791424578935_qbjqzm
08/10/2026 08:56:20,NP-2026-0512,Lê Thị Mỹ Nhung,0979785684,018169,CHÂU ĐẠI DƯƠNG,nhungltm0106@gmail.com,HỢP LỆ,lead_1791424580393_nrx36i,rcpt_1791424580393_1ms7y2
08/10/2026 08:56:20,NP-2026-0513,Nguyễn Thị Minh Phượng,0909457751,024891,RED GROUP,minhphuong.opm@gmail.com,HỢP LỆ,lead_1791424580445_u4qzp8,rcpt_1791424580445_0yvj5e
08/10/2026 08:56:21,NP-2026-0514,Lê Đức Huy,0901941712,011397,KHẢI MINH LAND,,HỢP LỆ,lead_1791424581062_q3twdk,rcpt_1791424581062_6gksi8
08/10/2026 08:56:21,NP-2026-0515,nguyễn Văn Quẹo,0932969412,009747,GLOBAL HOMES,nguyenvanqueovtc@gmail.com,HỢP LỆ,lead_1791424581287_p3heod,rcpt_1791424581287_vsxvag
08/10/2026 08:56:21,NP-2026-0516,Lê Thị Cẩm Tú,0338439713,012106,PEGASUS,lethicamtu03012002@gmail.com,HỢP LỆ,lead_1791424581364_iszlxw,rcpt_1791424581364_62onx1
08/10/2026 08:56:26,NP-2026-0517,Trần Thảo My,0988004823,002115,EMPIRE REALTY,htkd@empirerealty.vn,HỢP LỆ,lead_1791424586727_lefllu,rcpt_1791424586727_p5s5ep
08/10/2026 08:56:27,NP-2026-0518,Nguyễn Vương Quốc,0989178559,001370,SMARTLAND,vuongquoc.nguyen@smartland.vn,HỢP LỆ,lead_1791424587419_zc6s5o,rcpt_1791424587419_l011hc
08/10/2026 08:56:27,NP-2026-0519,Hoàng thị hải yến,0969495999,008108,TNP HOLDINGS,pingyang.fangzhong61@gmail.com,HỢP LỆ,lead_1791424587478_ac0gmf,rcpt_1791424587478_2hprbs
08/10/2026 08:56:27,NP-2026-0520,Phan Tài Em,0378795554,003296,VIỆT NAM LAND,phantaiem2704@gmail.com,HỢP LỆ,lead_1791424587680_bjqeja,rcpt_1791424587680_aqoexd
08/10/2026 08:56:27,NP-2026-0521,Trương Thị Mai Xuân,0931836053,024441,NEWSTARHOMES,maixuan121@gmail.com,HỢP LỆ,lead_1791424587820_e4099i,rcpt_1791424587820_evwdsh
08/10/2026 08:56:33,NP-2026-0522,Nguyễn Thị Thu Thanh,0907111789,000060,ERA,thuthanh.nguyenlinh@gmail.com,HỢP LỆ,lead_1791424593418_8oetp5,rcpt_1791424593418_in4o67
08/10/2026 08:56:34,NP-2026-0523,Đỗ Thị Ánh Tuyết,0903098007,024942,SGI,tuyet.dothianh88@gmail.com,HỢP LỆ,lead_1791424594317_anch4y,rcpt_1791424594317_x7asmq
08/10/2026 08:56:39,NP-2026-0524,Lâm Minh Lý,0923220292,029401,REDCA,lamminhly22021992@gmail.com,HỢP LỆ,lead_1791424599579_sqsvom,rcpt_1791424599579_2e2d8r
08/10/2026 08:56:43,NP-2026-0525,Dư Bảo Phúc,0932071032,015266,GEMS LAND,baophuc.gera@gmail.com,HỢP LỆ,lead_1791424603513_2tdx5n,rcpt_1791424603513_curqx2
08/10/2026 08:56:44,NP-2026-0526,Nguyễn Trung Thân,0938545095,027812,INDOCHINE,thannt09.idc@gmail.com,HỢP LỆ,lead_1791424604841_b8dior,rcpt_1791424604841_carp27
08/10/2026 08:56:44,NP-2026-0527,Nguyễn Đăng,0886867586,037662,AKA PROPERTY,,HỢP LỆ,lead_1791424604878_qtauzl,rcpt_1791424604878_71mi1x
08/10/2026 08:56:46,NP-2026-0528,Nguyễn Đức,0396892227,009140,EMPIRE REALTY,nguyenhuuduc0594@gmail.com,HỢP LỆ,lead_1791424606840_1nyece,rcpt_1791424606840_raesex
08/10/2026 08:56:47,NP-2026-0529,NGUYỄN ĐỨC VINH,0988333684,028793,CHÂU ĐẠI DƯƠNG,manhthuongvinh@gmail.com,HỢP LỆ,lead_1791424607759_0p8vv4,rcpt_1791424607759_f744nz
08/10/2026 08:56:52,NP-2026-0530,Lưu Thị Thuỷ Liên,0938761313,016883,IQI,thuylienrealty@gmail.com,HỢP LỆ,lead_1791424612456_oahben,rcpt_1791424612456_qz8slf
08/10/2026 08:56:55,NP-2026-0531,Nguyễn Thị Ngọc Thi,0901761716,012019,CHÂU ĐẠI DƯƠNG,ngocthibds@gmail.com,HỢP LỆ,lead_1791424615030_73cu35,rcpt_1791424615030_vbzgh0
08/10/2026 08:56:55,NP-2026-0532,Nguyễn Đức Chí Thân,0787922010,011692,AN KHANG HOMES,ndct22671061@gmail.com,HỢP LỆ,lead_1791424615131_a5ijeu,rcpt_1791424615131_3bv7pp
08/10/2026 08:56:57,NP-2026-0533,Nguyễn Chế Quân,0816808382,000441,EMPIRE REALTY,toomnguyen28@gmail.com,HỢP LỆ,lead_1791424617826_9wvyw6,rcpt_1791424617826_tyjd16
08/10/2026 08:56:58,NP-2026-0534,Nguyễn Quang Huy,0869868929,018985,CHÂU ĐẠI DƯƠNG,,HỢP LỆ,lead_1791424618034_itn6jr,rcpt_1791424618034_zzappk
08/10/2026 08:57:02,NP-2026-0535,Phạm Ngọc Trưởng,0966947067,012487,GEMS LAND,cskh.celadon@gmail.com,HỢP LỆ,lead_1791424622401_de83pl,rcpt_1791424622401_dsrehc
08/10/2026 08:57:02,NP-2026-0536,Nguyễn Anh Việt,0933254642,003553,SMARTLAND,anhviet.nguyen@smartland.vn,HỢP LỆ,lead_1791424622495_ocb18g,rcpt_1791424622495_vntr5i
08/10/2026 08:57:04,NP-2026-0537,Đỗ Thiên Phúc,0363804224,001386,NEWSTARHOMES,,HỢP LỆ,lead_1791424624775_7uetwm,rcpt_1791424624775_s0bt45
08/10/2026 08:57:04,NP-2026-0538,Phạm Thị Cẩm Ngân,0906940659,004017,PITALAND,nganptc@gmail.com,HỢP LỆ,lead_1791424624803_z980v7,rcpt_1791424624803_cl4k0x
08/10/2026 08:57:08,NP-2026-0539,Nguyễn Thị Hoài My,0934150822,563589,NEWSTARHOMES,mynth@newstarland.com,HỢP LỆ,lead_1791424628269_v8hgzm,rcpt_1791424628269_70hk0d
08/10/2026 08:57:08,NP-2026-0540,Lê Bảo Thành,0932143429,013990,GEMS LAND,lethanhads1996@gmail.com,HỢP LỆ,lead_1791424628436_93sgoe,rcpt_1791424628436_9jouf5
08/10/2026 08:57:09,NP-2026-0541,Bùi Thị Hồng Hiệu,0384692552,006468,CBC,honghieubui2004@gmail.com,HỢP LỆ,lead_1791424629949_28yc54,rcpt_1791424629949_ygadb4
08/10/2026 08:57:10,NP-2026-0542,Nguyễn Ngọc Linh,0915312335,013530,EMPIRE REALTY,linh.nguyenteccomn@gmail.com,HỢP LỆ,lead_1791424630940_xj98wc,rcpt_1791424630940_nr2q87
08/10/2026 08:57:13,NP-2026-0543,Thái Minh Trực,0962939865,003595,NEWSTARHOMES,tructhai.golf79@gmail.com,HỢP LỆ,lead_1791424633269_sld15p,rcpt_1791424633269_sqp5zi
08/10/2026 08:57:13,NP-2026-0544,PHAN HOÀI THƯ,0963949030,009224,INDOCHINE,phanhoaithu01062003@gmail.com,HỢP LỆ,lead_1791424633868_hsnmk6,rcpt_1791424633868_zfscbd
08/10/2026 08:57:13,NP-2026-0545,Lê Thụy Thúy Trân,0973341532,005695,AN KHANG HOMES,trantranhoangkim2025@gmail.com,HỢP LỆ,lead_1791424633999_ef9k7b,rcpt_1791424633999_uamxvj
08/10/2026 08:57:14,NP-2026-0546,Nguyễn Tấn Phát,0849762628,003293,NOVAZON,nguyenlonghp1268@gmail.com,HỢP LỆ,lead_1791424634788_ij9u0e,rcpt_1791424634788_xw558w
08/10/2026 08:57:18,NP-2026-0547,Nguyễn Thị Minh Trang,0778601068,026760,INDOCHINE,trangnguyenminh2508@gmail.com,HỢP LỆ,lead_1791424638300_j46jbq,rcpt_1791424638300_d405kq
08/10/2026 08:57:21,NP-2026-0548,Phạm Ngọc Minh,0944666134,007889,VIET NAM PROPERTY,minhpn.contact@gmail.com,HỢP LỆ,lead_1791424641813_j98z08,rcpt_1791424641813_cz5a5d
08/10/2026 08:57:22,NP-2026-0549,Nguyễn Đoàn Bình An,0944222199,008846,GEMS LAND,,HỢP LỆ,lead_1791424642438_o24cka,rcpt_1791424642438_7ommp4
08/10/2026 08:57:24,NP-2026-0550,Nguyễn Quốc Vinh,0901995299,017092,AZHOMES,quocvinh.bds@gmail.com,HỢP LỆ,lead_1791424644182_celw69,rcpt_1791424644182_opti0w
08/10/2026 08:57:24,NP-2026-0551,Huỳnh Công Phố,0356982861,010842,KHẢI MINH LAND,pho.hc@khaihoanland.vn,HỢP LỆ,lead_1791424644196_wse88o,rcpt_1791424644196_dh298z
08/10/2026 08:57:24,NP-2026-0552,Trần Anh Quân,0923566666,010106,NEWSTARHOMES,quanta1@newstarland.com,HỢP LỆ,lead_1791424644702_mcc45i,rcpt_1791424644702_7weyj6
08/10/2026 08:57:25,NP-2026-0553,Nguyen Thi Sau,0907096666,003500,EMPIRE REALTY,,HỢP LỆ,lead_1791424645247_1adbbf,rcpt_1791424645247_tb00wf
08/10/2026 08:57:26,NP-2026-0554,Nguyễn Hàn Vọng  Ưu Sơn Thảo,0352693986,005780,ĐÔNG TÂY LAND,thaovonguu41@gmail.com,HỢP LỆ,lead_1791424646252_n63v4w,rcpt_1791424646252_sksvs1
08/10/2026 08:57:26,NP-2026-0555,Nguyễn thị hải yến,0962996857,003496,NOVAZON,nguyenyen2010955@gmail.com,HỢP LỆ,lead_1791424646284_klk0nu,rcpt_1791424646284_d3gl2e
08/10/2026 08:57:27,NP-2026-0556,Hoàng Ngọc Hải,0986553799,009078,EMPIRE REALTY,ngochai1092.hp@gmai.com,HỢP LỆ,lead_1791424647949_eqvax1,rcpt_1791424647949_5y1lwe
08/10/2026 08:57:28,NP-2026-0557,Nguyễn Thị Ngọc Trinh,0337542553,052304,SGROUP,tinitrinh.sgroup@gmail.com,HỢP LỆ,lead_1791424648109_67j9fm,rcpt_1791424648109_s1r0j5
08/10/2026 08:57:29,NP-2026-0558,Nguyễn Tuấn anh,0932106839,006323,LT LUXURY,ngocanhtoyota@gmail.com,HỢP LỆ,lead_1791424649868_f1okhs,rcpt_1791424649868_ggid9a
08/10/2026 08:57:31,NP-2026-0559,Võ Hoàng Tiến,0971168847,016662,IQI,,HỢP LỆ,lead_1791424651570_uzmnwe,rcpt_1791424651570_le9srm
08/10/2026 08:57:32,NP-2026-0560,Tạ Thị Thu Hà,0386044682,014415,EMPIRE REALTY,thuha1982vt@gmail.com,HỢP LỆ,lead_1791424652111_iponht,rcpt_1791424652111_mog3rr
08/10/2026 08:57:32,NP-2026-0561,Phạm Trần Minh Thư,0355893353,002488,EMPIRE REALTY,,HỢP LỆ,lead_1791424652306_041h4v,rcpt_1791424652306_1envsg
08/10/2026 08:57:32,NP-2026-0562,Lê Văn Tài,0898496545,017362,RED GROUP,letai071116@gmail.com,HỢP LỆ,lead_1791424652714_ec6v0m,rcpt_1791424652714_vnelta
08/10/2026 08:57:33,NP-2026-0563,Nguyễn Kim Ngân,0388843224,002325,AKA PROPERTY,nganngann090204@gmail.com,HỢP LỆ,lead_1791424653720_40eytd,rcpt_1791424653720_ibz8t5
08/10/2026 08:57:38,NP-2026-0564,Nguyễn Như Hải,0934042828,005814,GEMS LAND,hainn.220490@gmail.com,HỢP LỆ,lead_1791424658945_p296mi,rcpt_1791424658945_vty5sc
08/10/2026 08:57:39,NP-2026-0565,Huỳnh Thị Điệp,0938441558,009520,GLOBAL HOMES,diephuynhnova@gmail.com,HỢP LỆ,lead_1791424659704_2hfkz7,rcpt_1791424659704_uh89a9
08/10/2026 08:57:39,NP-2026-0566,HUỲNH VIẾT THIỆN,0329117979,000133,NEWSTARHOMES,,HỢP LỆ,lead_1791424659876_lj7jep,rcpt_1791424659876_lg6gvx
08/10/2026 08:57:40,NP-2026-0567,Trần Trung Thuỷ,0934797920,010134,ĐẤT XANH,thuytt1@datxanhservices.vn,HỢP LỆ,lead_1791424660029_nhzqqp,rcpt_1791424660029_1wwlyl
08/10/2026 08:57:40,NP-2026-0568,Hồ Ngọc Chí,0909471118,007220,ANPHAHOUSE,ngocchiho9686@gmail.com,HỢP LỆ,lead_1791424660377_y2cggc,rcpt_1791424660377_hy12tj
08/10/2026 08:57:40,NP-2026-0569,Lê Thị Thu Trang,0383247341,001982,AN KHANG HOMES,lethithutrang.ltp2021@gmail.com,HỢP LỆ,lead_1791424660423_l77ufs,rcpt_1791424660423_abs360
08/10/2026 08:57:40,NP-2026-0570,Nguyễn Diễm Tú,0929890986,009816,GLOBAL HOMES,nguyentu2618@gmail.com,HỢP LỆ,lead_1791424660748_plyej4,rcpt_1791424660748_hzl2oz
08/10/2026 08:57:41,NP-2026-0571,Nguyễn Văn Hiếu,0964146678,000502,ĐẤT XANH,hieuluatkt@gmail.com,HỢP LỆ,lead_1791424661449_nji6wq,rcpt_1791424661449_zgoqlj
08/10/2026 08:57:43,NP-2026-0572,Tô Thị Trang,0931899939,009001,DIAMOND LINKS,,HỢP LỆ,lead_1791424663533_i2zcbv,rcpt_1791424663533_5c40a8
08/10/2026 08:57:43,NP-2026-0573,Huỳnh Chao Hùng,0934888372,040585,KZEN,huynhchaohung@gmail.com,HỢP LỆ,lead_1791424663597_uzd597,rcpt_1791424663597_kgj2hk
08/10/2026 08:57:44,NP-2026-0574,Nguyễn Thị Thanh Tuyền,0909678283,016064,PITALAND,thanhtuyen230593@gmail.com,HỢP LỆ,lead_1791424664263_kcgun4,rcpt_1791424664263_fbbxzd
08/10/2026 08:57:45,NP-2026-0575,Lê Thị Sáu,0981877006,004733,SGI,saule07076@gmail.com,HỢP LỆ,lead_1791424665335_ppcg28,rcpt_1791424665335_8082ok
08/10/2026 08:57:46,NP-2026-0576,Trảo Thị Hoàng Hậu,0937343305,012456,SGI,hoanghau8576@gmail.com,HỢP LỆ,lead_1791424666478_yzf00n,rcpt_1791424666478_vofgf9
08/10/2026 08:57:46,NP-2026-0577,Đỗ Quang Thông,0706882888,025499,SMARTLAND,quangthong.do@smartland.vn,HỢP LỆ,lead_1791424666706_zq56kn,rcpt_1791424666706_52glr6
08/10/2026 08:57:46,NP-2026-0578,Tạ lê ngọc toàn,0934533382,018126,PITALAND,ngoctoan242@gmail.com,HỢP LỆ,lead_1791424666825_zsniw1,rcpt_1791424666825_bdhf9g
08/10/2026 08:57:47,NP-2026-0579,Vũ Thị Quỳnh Dương,0966758899,011727,GEMS LAND,vuthiquynhduong@yahoo.com.vn,HỢP LỆ,lead_1791424667012_xbfkan,rcpt_1791424667012_wn7ahq
08/10/2026 08:57:47,NP-2026-0580,Lê Ngọc Sơn,0973936839,022213,AKA PROPERTY,ngocsonkn9494@gmail.com,HỢP LỆ,lead_1791424667066_pvgb9r,rcpt_1791424667066_vcnf2x
08/10/2026 08:57:47,NP-2026-0581,Vũ Việt Anh,0368629208,039178,PEGASUS,vuvietanh2902@gmail.com,HỢP LỆ,lead_1791424667730_dqomp8,rcpt_1791424667730_a1zdbb
08/10/2026 08:57:54,NP-2026-0582,Trần Bảo Quốc,0901386425,007543,NOVAZON,quoc.tran@novazon.vn,HỢP LỆ,lead_1791424674222_ump9nf,rcpt_1791424674222_7aax5g
08/10/2026 08:57:55,NP-2026-0583,Võ Thị Quỳnh Ngọc,0909409102,000001,INDOCHINE,voquynhngoctbt@gmail.com,HỢP LỆ,lead_1791424675644_kr9269,rcpt_1791424675644_vrwcpx
08/10/2026 08:57:57,NP-2026-0584,TRẦN KHÁNH DUY,0939447976,018191,PQR,khanhduy10214@gmail.com,HỢP LỆ,lead_1791424677486_zznoer,rcpt_1791424677486_oin6q1
08/10/2026 08:57:57,NP-2026-0585,Huỳnh Quang Tuyển,0987512989,009959,ERA,,HỢP LỆ,lead_1791424677697_wuuaqj,rcpt_1791424677697_77zhpw
08/10/2026 08:57:58,NP-2026-0586,PHẠM ĐĂNG KHOA,0979676655,021021,ERA,khoapham.realtor2030@gmail.com,HỢP LỆ,lead_1791424678203_i79wi7,rcpt_1791424678203_19v9e5
08/10/2026 08:57:58,NP-2026-0587,TRẦN DUY LINH,0708686518,000020,GLOBAL HOMES,linhvansunhuy@gmail.com,HỢP LỆ,lead_1791424678282_b1vkxz,rcpt_1791424678282_gfp14y
08/10/2026 08:57:58,NP-2026-0588,Đồng Hoài Tâm,0907881444,006042,CBC,,HỢP LỆ,lead_1791424678884_tbh9lv,rcpt_1791424678884_bc3gil
08/10/2026 08:58:00,NP-2026-0589,Nguyễn Thị Huyền,0799147688,001272,ERA,huyennguyenbds1502@gmail.com,HỢP LỆ,lead_1791424680754_tk0p67,rcpt_1791424680754_f6i30q
08/10/2026 08:58:01,NP-2026-0590,Nguyễn Văn Muộn,0767398789,004836,EMG,,HỢP LỆ,lead_1791424681646_gx0f2x,rcpt_1791424681646_z09749
08/10/2026 08:58:01,NP-2026-0591,Nguyễn Thị Thuý Ngân,0962024442,009215,T&A,ngannguyen87.ta@gmail.com,HỢP LỆ,lead_1791424681875_axne63,rcpt_1791424681875_yh4uuo
08/10/2026 08:58:02,NP-2026-0592,Phạm thị phương Thanh,0987089091,018270,GLOBAL HOMES,phamthanh0710@gmail.com,HỢP LỆ,lead_1791424682697_d0sw1g,rcpt_1791424682697_97l9h6
08/10/2026 08:58:04,NP-2026-0593,Võ Thị Nga,0349501545,010764,VIET NAM PROPERTY,Ngavo207.20@gmail.com,HỢP LỆ,lead_1791424684607_t5m444,rcpt_1791424684607_yclpx8
08/10/2026 08:58:05,NP-2026-0594,Lâm Văn Lợi,0909855797,037744,NEWSTARHOMES,loivanlam440@gmail.com,HỢP LỆ,lead_1791424685986_qcicri,rcpt_1791424685986_pj21en
08/10/2026 08:58:07,NP-2026-0595,Huỳnh Văn Chinh,0936074487,003240,KZEN,huynhvanchinh0602@gmail.com,HỢP LỆ,lead_1791424687110_8n7hqp,rcpt_1791424687110_crmd7e
08/10/2026 08:58:09,NP-2026-0596,Nguyễn Thị Thanh Tâm,0906901639,037933,ERA,thanhtam3835@gmail.com,HỢP LỆ,lead_1791424689404_g20hwz,rcpt_1791424689404_v87u3d
08/10/2026 08:58:09,NP-2026-0597,Nguyễn Thị Nhung,0968903939,012909,GEMS LAND,,HỢP LỆ,lead_1791424689826_10k79h,rcpt_1791424689826_iqbfmd
08/10/2026 08:58:09,NP-2026-0598,Nguyễn Mai Thuỷ Tiên,0916827413,006843,SMARTLAND,thuytien.nguyen@smartland.vn,HỢP LỆ,lead_1791424689889_tevigb,rcpt_1791424689889_wqn9eo
08/10/2026 08:58:10,NP-2026-0599,Lê thị diễm thư,0906212223,014954,EMPIRE REALTY,thu.lediemthu@gmail.com,HỢP LỆ,lead_1791424690324_8i8785,rcpt_1791424690324_90cam5
08/10/2026 08:58:10,NP-2026-0600,Đặng Tiến Sĩ,0989012651,010386,EMPIRE REALTY,Tiensi3728@gmail.com,HỢP LỆ,lead_1791424690712_itzeuz,rcpt_1791424690712_w6o9m6
08/10/2026 08:58:10,NP-2026-0601,Nguyễn Thị Kiều Trang,0919808661,017245,GLOBAL HOMES,kieutrangcql@gmail.com,HỢP LỆ,lead_1791424690822_4kxyyc,rcpt_1791424690822_lmxq9m
08/10/2026 08:58:10,NP-2026-0602,Ngô Trường Ái,0932905153,006569,GEMS LAND,aingo.gamuda@gmail.com,HỢP LỆ,lead_1791424690975_rovpgt,rcpt_1791424690975_anyag9
08/10/2026 08:58:11,NP-2026-0603,Hồng Quốc Đường,0971370563,023890,GLOBAL HOMES,duonghq6371@gmail.com,HỢP LỆ,lead_1791424691568_xylhei,rcpt_1791424691568_djhn5c
08/10/2026 08:58:11,NP-2026-0604,Phạm Trung Thành,0981820179,015432,T&A,thanhphamcvtv@gmail.com,HỢP LỆ,lead_1791424691678_n1r3b8,rcpt_1791424691678_b1cw52
08/10/2026 08:58:12,NP-2026-0605,Nguyễn Thị Thuỳ Dương,0362919826,011846,IQI,dukaduong1995@gmail.com,HỢP LỆ,lead_1791424692941_dn2ewz,rcpt_1791424692941_1lvvn2
08/10/2026 08:58:16,NP-2026-0606,Trần Công Danh,0901212216,019200,CHÂU ĐẠI DƯƠNG,trandanh1226@gmail.com,HỢP LỆ,lead_1791424696000_43ofcx,rcpt_1791424696000_pyppfn
08/10/2026 08:58:18,NP-2026-0607,Nguyễn Ngọc Lợi,0843628661,002582,REVER,loinn@rever.vn,HỢP LỆ,lead_1791424698960_l3ztne,rcpt_1791424698960_sc7obc
08/10/2026 08:58:18,NP-2026-0608,Nguyễn Trần trung kiên,0969920335,014843,NOVAZON,,HỢP LỆ,lead_1791424698997_enaq7k,rcpt_1791424698997_1zl5s1
08/10/2026 08:58:19,NP-2026-0609,Bùi Huy Hoàng,0919923639,016748,ERA,markbui89@gmail.com,HỢP LỆ,lead_1791424699587_zskbnf,rcpt_1791424699587_dg3djt
08/10/2026 08:58:19,NP-2026-0610,Phan Hoàng Minh Trí,0898020951,010431,EMPIRE REALTY,minhtriph2995@gmail.com,HỢP LỆ,lead_1791424699914_6ivmfu,rcpt_1791424699914_as5gmb
08/10/2026 08:58:20,NP-2026-0611,Trần Anh Kiệt,0932693404,011340,PEGASUS,tak14092004@gmail.com,HỢP LỆ,lead_1791424700561_s48mcj,rcpt_1791424700561_xowzms
08/10/2026 08:58:24,NP-2026-0612,Phạm Hoan,0909607604,009235,DIAMOND LINKS,,HỢP LỆ,lead_1791424704688_3het5l,rcpt_1791424704688_z4mc55
08/10/2026 08:58:27,NP-2026-0613,Quách Minh Khôi,0939637593,023341,DIAMOND LINKS,,HỢP LỆ,lead_1791424707553_g1ck1i,rcpt_1791424707553_2sg6cj
08/10/2026 08:58:29,NP-2026-0614,Lê Minh Trí,0866790005,019400,ERA,tribds2022@gmail.com,HỢP LỆ,lead_1791424709238_p5kwoe,rcpt_1791424709238_s756ch
08/10/2026 08:58:30,NP-2026-0615,Nguyễn Hữu Phúc,0901838778,008735,T&A,phuc88.bds@gmail.com,HỢP LỆ,lead_1791424710754_79yvl2,rcpt_1791424710754_chdbdu
08/10/2026 08:58:32,NP-2026-0616,Trần Trung Hiếu,0387143647,007853,DIAMOND LINKS,trantrunghieu0633@gmail.com,HỢP LỆ,lead_1791424712038_zj6uy4,rcpt_1791424712038_six5kd
08/10/2026 08:58:38,NP-2026-0617,Nguyễn Trần Công Thoại,0354391150,010051,T&A,ntct0711@gmail.com,HỢP LỆ,lead_1791424718243_78p3h0,rcpt_1791424718243_c0v72f
08/10/2026 08:58:40,NP-2026-0618,Lê Thị Trinh,0917681293,006246,LT LUXURY,trinhlt1204@gmail.com,HỢP LỆ,lead_1791424720739_s3xavv,rcpt_1791424720739_lcd2xy
08/10/2026 08:58:42,NP-2026-0619,Bùi Thị Tuyết Hạnh,0908043264,011368,REVER,hanhbtt@rever.vn,HỢP LỆ,lead_1791424722456_fi17qq,rcpt_1791424722456_ekjjv2
08/10/2026 08:58:44,NP-2026-0620,Lê Hồ Thanh Mai,0817594137,006950,SAVILLS,LHoThanhMai@savills.com.vn,HỢP LỆ,lead_1791424724844_g78y1o,rcpt_1791424724844_zjgfed
08/10/2026 08:58:44,NP-2026-0621,Trần Thị Như Ý,0902713518,009070,GLOBAL HOMES,nhuy1811@gmail.com,HỢP LỆ,lead_1791424724967_eedj3v,rcpt_1791424724967_zvlugh
08/10/2026 08:58:47,NP-2026-0622,Chu Thị Vân Anh,0976150642,000581,TICA GROUP,chuvananh1789@gmail.com,HỢP LỆ,lead_1791424727932_7z5ev1,rcpt_1791424727932_hmzfiq
08/10/2026 08:58:50,NP-2026-0623,Đinh Minh Hiếu,0976109054,004262,NEWSTARHOMES,dinhminhhieu2101986@gmail.com,HỢP LỆ,lead_1791424730426_ovlvbr,rcpt_1791424730426_07f3el
08/10/2026 08:58:51,NP-2026-0624,Nguyễn Văn Thái,0383586729,012306,PITALAND,nguyenthai12d22004@gmail.com,HỢP LỆ,lead_1791424731641_u5svmn,rcpt_1791424731641_1vwqfo
08/10/2026 08:58:52,NP-2026-0625,Trương Quang Diệu,0914666449,014611,EMPIRE REALTY,dieutruong.work@ail.com,HỢP LỆ,lead_1791424732884_b8luxx,rcpt_1791424732884_f2fyqj
08/10/2026 08:58:54,NP-2026-0626,Nguyễn minh kha,0899998088,013574,DIAMOND LINKS,khadiamond@gmail.com,HỢP LỆ,lead_1791424734110_k0la1i,rcpt_1791424734110_1t9bru
08/10/2026 08:58:55,NP-2026-0627,Huỳnh Văn Phong Nhã,0931832595,004314,GLOBAL HOMES,nha.huynhvanphong@gmail.com,HỢP LỆ,lead_1791424735528_tryv6u,rcpt_1791424735528_3aee0v
08/10/2026 08:58:56,NP-2026-0628,Nguyễn Phạm Hoàng Anh,0774119811,032962,INDOCHINE,nphanh0369@gmail.com,HỢP LỆ,lead_1791424736440_refjhz,rcpt_1791424736440_sm0k0y
08/10/2026 08:58:57,NP-2026-0629,Nguyễn Quốc Trường Huy,0931818163,000130,DIAMOND LINKS,truonghuy3439@gmail.com,HỢP LỆ,lead_1791424737539_9biavq,rcpt_1791424737539_1w9fhe
08/10/2026 08:58:57,NP-2026-0630,Nguyễn Thị Thanh Thảo,0909748774,007374,CHÂU ĐẠI DƯƠNG,thanhthaobds1292@gmail.com,HỢP LỆ,lead_1791424737609_ae3d88,rcpt_1791424737609_hjtpsu
08/10/2026 08:58:58,NP-2026-0631,Lê Duy Phúc,0925075000,009599,LT LUXURY,leduyphuc247@gmail.com,HỢP LỆ,lead_1791424738671_arxl5b,rcpt_1791424738671_9yrmih
08/10/2026 08:59:00,NP-2026-0632,Nguyễn Văn Thành,0933619868,015341,DIAMOND LINKS,thanhnvreal@gmail.com,HỢP LỆ,lead_1791424740264_fc288u,rcpt_1791424740264_w2j2kk
08/10/2026 08:59:01,NP-2026-0633,Phan Diễm Linh,0938829908,016299,GEMS LAND,diemlinh1669@gmail.com,HỢP LỆ,lead_1791424741997_uevnvo,rcpt_1791424741997_ugllwr
08/10/2026 08:59:04,NP-2026-0634,Trần Đức Nghĩa,0906332558,009260,ANPHAHOUSE,ducnghiarealty@gmail.com,HỢP LỆ,lead_1791424744174_4uiv4t,rcpt_1791424744174_m1bqi9
08/10/2026 08:59:10,NP-2026-0635,phạm thị thu phương,0983310662,006531,ERA,phuongptt14@gmail.com,HỢP LỆ,lead_1791424750555_ph39ch,rcpt_1791424750555_qe1few
08/10/2026 08:59:13,NP-2026-0636,Vũ Đình Hà,0906330509,008154,IQI,iqihavucanho@gmail.com,HỢP LỆ,lead_1791424753781_7ry4ni,rcpt_1791424753781_pybgk6
08/10/2026 08:59:14,NP-2026-0637,Nguyễn Ngọc Vương,0988567873,010165,AKA PROPERTY,Thienvuong24121988@gmail.com,HỢP LỆ,lead_1791424754206_2r2rcf,rcpt_1791424754206_v470ig
08/10/2026 08:59:15,NP-2026-0638,Nguyễn Thu Hiền,0838699839,009349,NOVAZON,thuhienjoycee@gmail.com,HỢP LỆ,lead_1791424755926_lih9qv,rcpt_1791424755926_4nete0
08/10/2026 08:59:16,NP-2026-0639,Nguyễn Khả Vy,0859227331,000911,EMG,nguyenkhavy04@gmail.com,HỢP LỆ,lead_1791424756590_ackimz,rcpt_1791424756590_ox2lnu
08/10/2026 08:59:18,NP-2026-0640,Lê Thanh Lợi,0903183109,018988,SGI,lethanhloi83@gmail.com,HỢP LỆ,lead_1791424758826_e31rw2,rcpt_1791424758826_jleql9
08/10/2026 08:59:20,NP-2026-0641,Phạm tôtrinh,0886129907,001723,INDOCHINE,totrinh86vn@gmail.com,HỢP LỆ,lead_1791424760801_sqpn3g,rcpt_1791424760801_gcwo29
08/10/2026 08:59:22,NP-2026-0642,Ngô Thị Tường Vy,0901249393,000191,CBC,ngotuongvy9393@gmail.com,HỢP LỆ,lead_1791424762470_oi87e8,rcpt_1791424762470_3frj9g
08/10/2026 08:59:23,NP-2026-0643,Trần Thị Thanh Phương,0903096818,032583,DIAMOND LINKS,tranphuong181068@gmail.com,HỢP LỆ,lead_1791424763295_anbl3z,rcpt_1791424763295_se7s4f
08/10/2026 08:59:23,NP-2026-0644,Nguyễn Ngọc Đan Quỳnh,0909146999,000869,EMPIRE REALTY,,HỢP LỆ,lead_1791424763759_sngdd4,rcpt_1791424763759_crfwnc
08/10/2026 08:59:24,NP-2026-0645,Nguyễn Thị Thảo Trang,0949749186,003397,DIAMOND LINKS,nguyentrang.ductritin17@gmail.com,HỢP LỆ,lead_1791424764484_6pdu6r,rcpt_1791424764484_zpuenu
08/10/2026 08:59:26,NP-2026-0646,Lê Bá Hoàng Huy,0889113087,000705,GEMS LAND,huy.lbh@gmail.com,HỢP LỆ,lead_1791424766534_opous8,rcpt_1791424766534_nd8v9i
08/10/2026 08:59:27,NP-2026-0647,Trương Thị Bích Trâm,0932080528,010709,DIAMOND LINKS,truongthibichtram2411@gmail.com,HỢP LỆ,lead_1791424767609_0ztrs3,rcpt_1791424767609_8dtiwe
08/10/2026 08:59:29,NP-2026-0648,Nguyễn Hoàng Hải,0934980963,003267,IQI,hoanghai.onev@gmail.com,HỢP LỆ,lead_1791424769326_t57yv7,rcpt_1791424769326_ooi8tr
08/10/2026 08:59:36,NP-2026-0649,Nguyễn Thị Kim Ngân,0916209232,003481,AN KHANG HOMES,kimngancl12@gmail.com,HỢP LỆ,lead_1791424776513_764ero,rcpt_1791424776513_h6vvtn
08/10/2026 08:59:38,NP-2026-0650,Nguyễn Tú Nguyên,0941458498,001027,NOVAZON,nguyentunguyen2707@gmail.com,HỢP LỆ,lead_1791424778541_wx2b63,rcpt_1791424778541_mlqzpv
08/10/2026 08:59:40,NP-2026-0651,Trần Ngọc Đan Vy,0798167038,003967,EMG,danvy.emg@gmail.com,HỢP LỆ,lead_1791424780999_wirkvl,rcpt_1791424780999_mxmk7y
08/10/2026 08:59:45,NP-2026-0652,Nguyễn Thanh Hùng,0799770123,009748,INDOCHINE,hungcu.vlog@gmail.com,HỢP LỆ,lead_1791424785343_91r2yq,rcpt_1791424785343_3fo6yy
08/10/2026 08:59:53,NP-2026-0653,Nguyễn Thị Bích Nga,0376743541,004789,EMG,tuenga0209@gmail.com,HỢP LỆ,lead_1791424793179_56wvii,rcpt_1791424793179_ilile8
08/10/2026 08:59:59,NP-2026-0654,Võ Khắc Phú,0369614181,001954,PQR,phukhac1298@gmail.com,HỢP LỆ,lead_1791424799208_vy73j1,rcpt_1791424799208_xiw0un
08/10/2026 08:59:59,NP-2026-0655,Phan thị Phương Dung,0981343637,006599,GEMS LAND,phuongdung20081998@gmail.com,HỢP LỆ,lead_1791424799629_sqbv25,rcpt_1791424799629_6u2gar
08/10/2026 09:00:02,NP-2026-0656,Mai Thanh Thuyết,0901489791,011851,ERA,thanhthuyet.vhu.97@gmail.com,HỢP LỆ,lead_1791424802685_tnv4kb,rcpt_1791424802685_dn6120
08/10/2026 09:00:03,NP-2026-0657,Nguyễn Hoàng Long,0798789822,041449,DIAMOND LINKS,longhoangnguyen2205@gmail.com,HỢP LỆ,lead_1791424803307_4eu0b1,rcpt_1791424803307_qi8fkz
08/10/2026 09:00:05,NP-2026-0658,Hồ Tuyến,0988017980,007572,VIET NAM PROPERTY,hotuyen240496@gmail.com,HỢP LỆ,lead_1791424805394_037wu1,rcpt_1791424805394_1c50wp
08/10/2026 09:00:06,NP-2026-0659,Phạm Xuân Khoiu,0866810689,032581,IQI,kc@realtique.net,HỢP LỆ,lead_1791424806312_9bnkw8,rcpt_1791424806312_8i3944
08/10/2026 09:00:07,NP-2026-0660,Phan Thị Như Phương,0906417415,005062,GEMS LAND,phannhuphuong8585@gmail.com,HỢP LỆ,lead_1791424807052_9zdyyz,rcpt_1791424807052_706g9y
08/10/2026 09:00:11,NP-2026-0661,Trần Mạnh Cường,0921880944,022217,EMPIRE REALTY,tmcuong201204@gmail.com,HỢP LỆ,lead_1791424811977_kqoz8p,rcpt_1791424811977_5v10dh
08/10/2026 09:00:16,NP-2026-0662,Nguyễn Thị Hoài,0935609828,000591,IQI,,HỢP LỆ,lead_1791424816346_u7iaq5,rcpt_1791424816346_awtbxf
08/10/2026 09:00:18,NP-2026-0663,Bùi Nguyễn Duy,0707033368,031679,EMG,Buinguyenduy00@gmail.com,HỢP LỆ,lead_1791424818232_354fv6,rcpt_1791424818232_nv5w94
08/10/2026 09:00:18,NP-2026-0664,Trần Minh Đức,0945456436,018620,TNP HOLDINGS,,HỢP LỆ,lead_1791424818946_bgp0u1,rcpt_1791424818946_vxnrwu
08/10/2026 09:00:23,NP-2026-0665,Nguyễn Đức Anh,0978430106,019924,DIAMOND LINKS,anhnguyen010600@gmail.com,HỢP LỆ,lead_1791424823705_9hvgij,rcpt_1791424823705_77fojf
08/10/2026 09:00:28,NP-2026-0666,Nguyễn Thị Cẩm Vân,0941744344,004216,SMARTLAND,hellen100591@gmail.com,HỢP LỆ,lead_1791424828059_q12835,rcpt_1791424828059_ap0p5c
08/10/2026 09:00:30,NP-2026-0667,Phạm Thị Ý Nhi,0985965657,000181,CBC,cassie.pham1701@gmail.com,HỢP LỆ,lead_1791424830687_02f7by,rcpt_1791424830687_neixiy
08/10/2026 09:00:31,NP-2026-0668,Nguyễn Tuyết Kha,0942102331,011965,SMARTLAND,nguyentuyetkha2509@gmail.com,HỢP LỆ,lead_1791424831852_wjv0e6,rcpt_1791424831852_2iku9j
08/10/2026 09:00:33,NP-2026-0669,Mai Sơn Cước,0772917779,025978,CBC,cuocmai.cbc@gmail.com,HỢP LỆ,lead_1791424833935_0prrgl,rcpt_1791424833935_p76rsk
08/10/2026 09:00:36,NP-2026-0670,Hoàng Nghĩa Tình,0796742779,006685,T&A,nghiatinhbds@gmail.com,HỢP LỆ,lead_1791424836881_nstfln,rcpt_1791424836881_1t43rb
08/10/2026 09:00:38,NP-2026-0671,NGUYỄN THỊ MAI CHI,0979532020,005381,SMARTLAND,maichi.nguyen@smartland.vn,HỢP LỆ,lead_1791424838991_x385ie,rcpt_1791424838991_zhrqrx
08/10/2026 09:00:41,NP-2026-0672,Phan Thị Quỳnh Như,0901109636,003898,SMARTLAND,amutorido@gmail.com,HỢP LỆ,lead_1791424841164_9ckf5s,rcpt_1791424841164_f8mfns
08/10/2026 09:00:41,NP-2026-0673,Nguyễn Thị Tường Viên,0938032897,009836,BAM LAND,vienntt.mkt@gmail.com,HỢP LỆ,lead_1791424841257_j4vzf4,rcpt_1791424841257_iucafg
08/10/2026 09:00:47,NP-2026-0674,Nguyễn Hữu Lộc,0979260290,005727,RED GROUP,loc.real90@gmail.com,HỢP LỆ,lead_1791424847689_qk065o,rcpt_1791424847689_pveyl6
08/10/2026 09:00:47,NP-2026-0675,Đỗ Trung Hiếu,0909718969,000281,LT LUXURY,nhathuduc.com.vn@gmail.com,HỢP LỆ,lead_1791424847914_6nk0sl,rcpt_1791424847914_1fzipd
08/10/2026 09:00:48,NP-2026-0676,Lê Đức Hoà,0767323413,001639,SMARTLAND,leduchoa010895@gmail.com,HỢP LỆ,lead_1791424848538_2pqnb8,rcpt_1791424848538_h842ii
08/10/2026 09:00:51,NP-2026-0677,Nguyễn Trần Hải Triều,0933665920,001307,LT LUXURY,haitrieunguyentran@gmail.com,HỢP LỆ,lead_1791424851647_mcpr9o,rcpt_1791424851647_7fn2s4
08/10/2026 09:00:52,NP-2026-0678,Lê Quốc Bình,0333852146,003846,NEWSTARHOMES,quocbinha5tqtpy@gmail.com,HỢP LỆ,lead_1791424852832_rotak2,rcpt_1791424852832_k5xuts
08/10/2026 09:00:55,NP-2026-0679,Nguyễn Hữu Giáp,0977330622,008563,NEWSTARHOMES,huugiapnguyen310@gmail.com,HỢP LỆ,lead_1791424855873_2oncqr,rcpt_1791424855873_ojuxeg
08/10/2026 09:00:57,NP-2026-0680,Nguyễn Út Mơ,0783785476,000958,CBC,utmo2003@gmail.com,HỢP LỆ,lead_1791424857328_i9dl5k,rcpt_1791424857328_i0hafs
08/10/2026 09:01:17,NP-2026-0681,Trịnh Ngọc Châu,0901895194,012569,T&A,chau.trinhngoc62@gmail.com,HỢP LỆ,lead_1791424877867_rcd712,rcpt_1791424877867_vebryc
08/10/2026 09:01:27,NP-2026-0682,Phan thị cẩm linh,0932163894,940313,GEMS LAND,camlinhpt94@gamudaland.com,HỢP LỆ,lead_1791424887818_5vntfl,rcpt_1791424887818_m7ps1u
08/10/2026 09:01:28,NP-2026-0683,Lâm Vĩ Phát,0939073366,014518,CHÂU ĐẠI DƯƠNG,lamviphat100999@gmail.com,HỢP LỆ,lead_1791424888891_9d12fs,rcpt_1791424888891_exlxs3
08/10/2026 09:01:36,NP-2026-0684,Trần Thị Hoàng Hảo,0917533646,010789,ERA,tranhoanghao646@gmail.com,HỢP LỆ,lead_1791424896769_wo7l91,rcpt_1791424896769_b2i227
08/10/2026 09:01:39,NP-2026-0685,Vương Thuỵ Bích Tuyền,0916290257,010836,T&A,,HỢP LỆ,lead_1791424899370_v8mslo,rcpt_1791424899370_fqgdsw
08/10/2026 09:01:59,NP-2026-0686,Nguyễn Minh Thành,0943495547,000513,NEWSTARHOMES,nguyenminhthanh925@gmail.com,HỢP LỆ,lead_1791424919470_bf86h7,rcpt_1791424919470_67daip
08/10/2026 09:02:08,NP-2026-0687,Lưu Quế Như,0932617520,016244,IQI,,HỢP LỆ,lead_1791424928810_v4k2oc,rcpt_1791424928810_ej2uil
08/10/2026 09:02:17,NP-2026-0688,Lê Trung Thành,0903224659,000568,REVER,trungthanhle1994@gmail.com,HỢP LỆ,lead_1791424937356_c3tc0z,rcpt_1791424937356_l9rlvf
08/10/2026 09:02:18,NP-2026-0689,Vũ Quốc Đại,0914575331,021483,SMARTLAND,vuquocdai89@gmail.com,HỢP LỆ,lead_1791424938183_vpe3fg,rcpt_1791424938183_98zrsf
08/10/2026 09:02:27,NP-2026-0690,Trần Chí Thành,0834302777,039378,T&A,nvkd0901@gmail.com,HỢP LỆ,lead_1791424947361_ysjpcp,rcpt_1791424947361_d7ychw
08/10/2026 09:02:29,NP-2026-0691,Huỳnh Nguyễn Chí Hải,0907637066,000755,NEWSTARHOMES,,HỢP LỆ,lead_1791424949526_ddpsbw,rcpt_1791424949526_fk9xgh
08/10/2026 09:02:40,NP-2026-0692,Danh Nguyễn Thiên Kim,0933991091,001520,REVER,kimdnt@rever.vn,HỢP LỆ,lead_1791424960800_odmtdu,rcpt_1791424960800_u49hps
08/10/2026 09:02:54,NP-2026-0693,Phạm Thị Minh Nguyên,0706768726,027687,NEWSTARHOMES,minhnguyenpham168@gmail.com,HỢP LỆ,lead_1791424974359_ofwmr2,rcpt_1791424974359_2pk4vx
08/10/2026 09:02:54,NP-2026-0694,Phạm Tuấn Anh,0932123379,011890,IQI,anh.pt735@gmail.com,HỢP LỆ,lead_1791424974563_6jyb7m,rcpt_1791424974563_q5strg
08/10/2026 09:02:55,NP-2026-0695,Trương Thị Thúy Liểu,0919298463,009190,AN KHANG HOMES,thuylieutruong97@gmail.com,HỢP LỆ,lead_1791424975790_2lwgd2,rcpt_1791424975790_zsizjl
08/10/2026 09:03:00,NP-2026-0696,Phan Công Minh,0878286255,020427,RED GROUP,phancongminh212@gmail.com,HỢP LỆ,lead_1791424980434_ocsp38,rcpt_1791424980434_7uri03
08/10/2026 09:03:25,NP-2026-0697,Nguyễn Thị Ngọc Trinh,0901555164,004331,LT LUXURY,Trinh32026@gmail.com,HỢP LỆ,lead_1791425005073_7qy0vl,rcpt_1791425005073_41iabc
08/10/2026 09:03:30,NP-2026-0698,Trần Kim Chi,0938466426,015323,LT LUXURY,kimchi1317@gmail.com,HỢP LỆ,lead_1791425010372_unbpcm,rcpt_1791425010372_ujlej3
08/10/2026 09:03:31,NP-2026-0699,Nguyễn Minh Tuấn,0777121818,000640,NEWSTARHOMES,minhtuanhlk@gmail.com,HỢP LỆ,lead_1791425011908_ugiikp,rcpt_1791425011908_r3rh92
08/10/2026 09:03:39,NP-2026-0700,Đoàn Lê Thu Trang,0928490201,002635,NEWSTARHOMES,doantrangg278@gmail.com,HỢP LỆ,lead_1791425019240_kywerp,rcpt_1791425019240_m6tqtn
08/10/2026 09:03:43,NP-2026-0701,CHIÊM TÀI NGUYÊN,0902589196,005327,GLOBAL HOMES,nguyenchubby9@gmail.com,HỢP LỆ,lead_1791425023462_niwuw6,rcpt_1791425023463_k1rxs4
08/10/2026 09:03:51,NP-2026-0702,Thi thị diệu hiền,0925995699,002774,T&A,thidieuhien.land@gmail.com,HỢP LỆ,lead_1791425031551_uxrwmn,rcpt_1791425031551_p6nmgl
08/10/2026 09:03:58,NP-2026-0703,Trương Thị Hồng Ngọc,0927431822,002381,CHÂU ĐẠI DƯƠNG,hongngoctruong1001@gmail.com,HỢP LỆ,lead_1791425038499_vs0rrd,rcpt_1791425038499_zm1ry1
08/10/2026 09:04:00,NP-2026-0704,Nguyễn Thị Thanh Trúc,0886626413,026470,LT LUXURY,phungthanhtruc1510@gmail.com,HỢP LỆ,lead_1791425040610_eyntvb,rcpt_1791425040610_343t63
08/10/2026 09:04:01,NP-2026-0705,Trần Ngọc Cư,0934163986,009462,SGI,,HỢP LỆ,lead_1791425041036_yuni9b,rcpt_1791425041036_8pzedh
08/10/2026 09:04:05,NP-2026-0706,Mai Đức Huy,0393151616,013415,CBRE,huy.maiduc@cbre.com,HỢP LỆ,lead_1791425045261_q9g6a2,rcpt_1791425045261_wb3zfe
08/10/2026 09:04:06,NP-2026-0707,Nguyễn Trần Uyên Vy,0903992739,007891,DIAMOND LINKS,vytran.diaoc@gmail.com,HỢP LỆ,lead_1791425046172_f5r5dv,rcpt_1791425046172_8byx0k
08/10/2026 09:04:26,NP-2026-0708,Thạch Phúc Khang,0934169776,005897,INDOCHINE,thachphuckhang90@gmail.com,HỢP LỆ,lead_1791425066915_ldo3ej,rcpt_1791425066915_u97htf
08/10/2026 09:04:37,NP-2026-0709,Võ Văn Luân,0907784452,000186,REVER,luanvv@rever.vn,HỢP LỆ,lead_1791425077124_fnm5vm,rcpt_1791425077124_w4bppe
08/10/2026 09:04:38,NP-2026-0710,Trần Thị Hợp,0903003706,023220,ĐẤT XANH,,HỢP LỆ,lead_1791425078858_nd0dri,rcpt_1791425078858_kuqfjb
08/10/2026 09:04:39,NP-2026-0711,Nguyễn viết toàn,0363604641,014087,ĐẤT XANH,viettoannguyen786@gmail.com,HỢP LỆ,lead_1791425079400_xiq5a0,rcpt_1791425079400_5nq521
08/10/2026 09:04:40,NP-2026-0712,Phạm Diễm Kiều,0931337136,009446,CBC,kieupham.1506@gmail.com,HỢP LỆ,lead_1791425080608_aawggw,rcpt_1791425080608_39i8nl
08/10/2026 09:04:41,NP-2026-0713,CAO ĐỨC CHUNG,0902552078,017036,UNITY LAND,ducchungvns@icloud.com,HỢP LỆ,lead_1791425081092_x8ffzr,rcpt_1791425081092_ygtpk6
08/10/2026 09:04:56,NP-2026-0714,Phạm Thanh Hiền,0968708770,019503,RED GROUP,phamhien287@gmail.com,HỢP LỆ,lead_1791425096544_6tya59,rcpt_1791425096544_5ee3bw
08/10/2026 09:05:00,NP-2026-0715,Đào Thị Huệ,0988384130,009302,NEWSTARHOMES,,HỢP LỆ,lead_1791425100981_5kob66,rcpt_1791425100981_1bromr
08/10/2026 09:05:02,NP-2026-0716,Đặng Thị Hồng Vân,0908886113,013663,CHÂU ĐẠI DƯƠNG,hongvan94work@gmail.com,HỢP LỆ,lead_1791425102028_xuzj01,rcpt_1791425102028_csnsw0
08/10/2026 09:05:05,NP-2026-0717,Trương Nhựt Huy,0934577739,001015,DIAMOND LINKS,tnhuy.fb1@gmail.com,HỢP LỆ,lead_1791425105475_9onk0v,rcpt_1791425105475_y1qia0
08/10/2026 09:05:09,NP-2026-0718,Nguyễn Thị Mỹ Ngji,0909268094,000435,EMPIRE REALTY,nghinguyen0830@gmail.com,HỢP LỆ,lead_1791425109615_l6dztw,rcpt_1791425109615_ky0gjs
08/10/2026 09:05:10,NP-2026-0719,Huỳnh Hữu khoa,0902579220,008063,AN KHANG HOMES,huynhkhoa967@gmail.com,HỢP LỆ,lead_1791425110635_i1odjx,rcpt_1791425110635_o3lyyk
08/10/2026 09:05:12,NP-2026-0720,Huỳnh Thiên Phú,0925324164,008608,DIAMOND LINKS,jqckleo@gmail.com,HỢP LỆ,lead_1791425112057_681wid,rcpt_1791425112057_ifvglu
08/10/2026 09:05:12,NP-2026-0721,Đỗ Ngọc Tú,0964935327,004304,REVER,dongoctu.2199@gmail.com,HỢP LỆ,lead_1791425112288_dxjtw2,rcpt_1791425112288_o125xw
08/10/2026 09:05:18,NP-2026-0722,Trần Đức Khang,0986567849,006361,KZEN,khangtran20897@gmail.com,HỢP LỆ,lead_1791425118269_qk595k,rcpt_1791425118269_24d2h6
08/10/2026 09:05:19,NP-2026-0723,Trần Minh Nhật,0906949943,005643,HOMEDAY,minhnhat891995@gmail.com,HỢP LỆ,lead_1791425119509_5aii73,rcpt_1791425119509_a68u11
08/10/2026 09:05:24,NP-2026-0724,Nguyễn Ngọc Diệp,0528340163,008523,TNP HOLDINGS,diennguyenngoc2000@gmail.com,HỢP LỆ,lead_1791425124208_nbq9m2,rcpt_1791425124208_bhz3gr
08/10/2026 09:05:24,NP-2026-0725,Nguyễn Hải Đăng,0913390550,000425,IQI,nguyenhaidang49@gmail.com,HỢP LỆ,lead_1791425124433_x3rov8,rcpt_1791425124433_p9xrhl
08/10/2026 09:05:24,NP-2026-0726,Phạm Thị Lan Anh,0823941968,016419,ERA,,HỢP LỆ,lead_1791425124690_8sfi7r,rcpt_1791425124690_r8m6gc
08/10/2026 09:05:27,NP-2026-0727,Bùi Hương Minh Vân,0909491963,000085,CHÂU ĐẠI DƯƠNG,huongminhvan@gmail.com,HỢP LỆ,lead_1791425127657_imymuz,rcpt_1791425127657_t79frn
08/10/2026 09:05:28,NP-2026-0728,Huỳnh Thị Huyền,0777768831,000550,LT LUXURY,huyennoo97.bds@gmail.com,HỢP LỆ,lead_1791425128075_upkrke,rcpt_1791425128075_ji2eye
08/10/2026 09:05:28,NP-2026-0729,Phạm Duy Phương,0877177779,000263,AZHOMES,phuongduybds@gmail.com,HỢP LỆ,lead_1791425128182_rulcmx,rcpt_1791425128182_cx88uu
08/10/2026 09:05:28,NP-2026-0730,Nguyễn Thị Mai Uyên,0812779318,013161,SMARTLAND,,HỢP LỆ,lead_1791425128250_635lad,rcpt_1791425128250_uevmqw
08/10/2026 09:05:28,NP-2026-0731,Nguyễn Thị Duyên,0933699980,007421,PQR,,HỢP LỆ,lead_1791425128410_jznq1k,rcpt_1791425128410_zczzwy
08/10/2026 09:05:30,NP-2026-0732,Võ Diệp Thanh,0363111883,008018,ĐẤT XANH,nhi.vo561983@gmail.com,HỢP LỆ,lead_1791425130518_p34oop,rcpt_1791425130518_iq3ziy
08/10/2026 09:05:30,NP-2026-0733,Huỳnh Thị Trâm,0976249792,008291,T&A,,HỢP LỆ,lead_1791425130887_2k3x7k,rcpt_1791425130887_h6ju3t
08/10/2026 09:05:31,NP-2026-0734,Phạm Hồng Phong,0975208404,003575,ERA,hongphong2712@gmail.com,HỢP LỆ,lead_1791425131444_pmajn5,rcpt_1791425131444_4qj2hd
08/10/2026 09:05:31,NP-2026-0735,Trương khe phát,0337557902,011209,DIAMOND LINKS,,HỢP LỆ,lead_1791425131808_johg8f,rcpt_1791425131808_kkcj15
08/10/2026 09:05:31,NP-2026-0736,Phan Duy Huy,0906651118,009505,GLOBAL HOMES,huyland68@gmail.com,HỢP LỆ,lead_1791425131896_dnl9nz,rcpt_1791425131896_r1ouie
08/10/2026 09:05:32,NP-2026-0737,Nguyễn Thị Minh Vân,0903039596,004583,PQR,ntminhvanbds@gmail.com,HỢP LỆ,lead_1791425132279_qthd3i,rcpt_1791425132279_2m8yun
08/10/2026 09:05:33,NP-2026-0738,ĐỖ HẢI NGHĨA,0903628680,010716,PQR,nghiadovh@gmail.com,HỢP LỆ,lead_1791425133213_9i3c17,rcpt_1791425133213_i90fxp
08/10/2026 09:05:33,NP-2026-0739,Lương Ti Ni,0972788705,003656,NOVAZON,luongtini@gmail.com,HỢP LỆ,lead_1791425133704_t8icw7,rcpt_1791425133704_1467dm
08/10/2026 09:05:34,NP-2026-0740,Ngô Quang Nhựt,0982102048,003523,TICA GROUP,,HỢP LỆ,lead_1791425134413_gmtyvn,rcpt_1791425134413_2wqcd9
08/10/2026 09:05:35,NP-2026-0741,Nguyễn Thị Anh Thư,0935677248,008682,HOMEDAY,,HỢP LỆ,lead_1791425135614_xf6c88,rcpt_1791425135614_hw3mek
08/10/2026 09:05:38,NP-2026-0742,Đoàn Thị Phúc Thuận,0776755799,001693,ERA,,HỢP LỆ,lead_1791425138417_hjbbmj,rcpt_1791425138417_ralsge
08/10/2026 09:05:38,NP-2026-0743,Tô Quỳnh Như,0976553941,013586,SALEREAL,nhudieu.2703@gmail.com,HỢP LỆ,lead_1791425138867_54q7qr,rcpt_1791425138867_l01073
08/10/2026 09:05:39,NP-2026-0744,Trần Đình Khải,0981374094,003609,VIET NAM PROPERTY,dinhkhai2212@gmail.com,HỢP LỆ,lead_1791425139653_t1hlbj,rcpt_1791425139653_2ser87
08/10/2026 09:05:43,NP-2026-0745,Long Lâm Đức Anh,0907916599,022239,GEMS LAND,longlamducanh2604@gmail.com,HỢP LỆ,lead_1791425143205_z8khj8,rcpt_1791425143205_3cgt36
08/10/2026 09:05:46,NP-2026-0746,Đặng Huy Đạt,0909555368,012866,AKA PROPERTY,,HỢP LỆ,lead_1791425146232_zq131i,rcpt_1791425146232_wv365j
08/10/2026 09:05:48,NP-2026-0747,Nguyễn Thị Bảo Ngọc,0974057348,000341,REVER,ngocntb6@rever.vn,HỢP LỆ,lead_1791425148712_pqj5nw,rcpt_1791425148712_y3wk73
08/10/2026 09:05:52,NP-2026-0748,Phan Thị Ngọc Ánh,0359709993,001607,HOMEDAY,,HỢP LỆ,lead_1791425152045_547tya,rcpt_1791425152045_90qb6p
08/10/2026 09:05:52,NP-2026-0749,Nguyễn Thị Thu Chinh,0984167724,008309,PITALAND,,HỢP LỆ,lead_1791425152452_mgblcd,rcpt_1791425152452_n1akp6
08/10/2026 09:05:52,NP-2026-0750,Trần Hoài Tâm,0907817925,011341,GEMS LAND,tahotran151995@gmail.com,HỢP LỆ,lead_1791425152725_p0o28r,rcpt_1791425152725_iig1oc
08/10/2026 09:05:53,NP-2026-0751,Nguyễn Hoàng Minh Đạt,0938376896,000912,REVER,Minhdatnguyen1088@gmail.com,HỢP LỆ,lead_1791425153184_q6vl4x,rcpt_1791425153184_zkzg7e
08/10/2026 09:05:53,NP-2026-0752,Nguyễn Thị Bích Hà,0931633688,007232,SALEREAL,bichha.nguyen231@gmail.com,HỢP LỆ,lead_1791425153315_l6z98c,rcpt_1791425153315_a0b2pf
08/10/2026 09:05:55,NP-2026-0753,Nguyễn Anh Nhật,0829229998,005283,VIET NAM PROPERTY,nguyenanhnhat29998@gmail.com,HỢP LỆ,lead_1791425155402_2rd3sm,rcpt_1791425155402_wsqe24
08/10/2026 09:05:56,NP-2026-0754,Võ Hữu Phi,0367427050,003108,LIÊN GIA LAND,vophi1605@gmail.com,HỢP LỆ,lead_1791425156680_4942dz,rcpt_1791425156680_ajkb61
08/10/2026 09:05:56,NP-2026-0755,ĐỖ MINH TAA,0865098163,002485,VIET NAM PROPERTY,tamcan16398@gmail.com,HỢP LỆ,lead_1791425156834_g3z3e8,rcpt_1791425156834_xtxpg6
08/10/2026 09:05:57,NP-2026-0756,Lê Nguyễn Đức Linh,0988876001,002681,CBC,fanmanu.shpy@gmail.com,HỢP LỆ,lead_1791425157007_5d8hdw,rcpt_1791425157007_64uqmj
08/10/2026 09:05:57,NP-2026-0757,Phạm Phương Giang,0981469779,010721,KHẢI MINH LAND,giangpp1995@gmail.com,HỢP LỆ,lead_1791425157946_n575c4,rcpt_1791425157946_mnwsgh
08/10/2026 09:05:58,NP-2026-0758,Trương Quốc Vinh,0911111387,010729,GLOBAL HOMES,quocvinh191@gmail.com,HỢP LỆ,lead_1791425158267_8pj04x,rcpt_1791425158267_0vobf6
08/10/2026 09:05:58,NP-2026-0759,Phan Thanh Tú,0988367455,002818,AVI REALTY,phanthanhtu100425@gmail.com,HỢP LỆ,lead_1791425158491_sbiu20,rcpt_1791425158491_dq0snu
08/10/2026 09:05:59,NP-2026-0760,Võ Tuấn Cường,0965378037,004742,KZEN,vocuong2312@gmail.com,HỢP LỆ,lead_1791425159432_ih1tyh,rcpt_1791425159432_tk371o
08/10/2026 09:06:00,NP-2026-0761,Đặng Thị Kiều My,0966347340,007809,ĐÔNG TÂY LAND,kieumydang15@gmail.com,HỢP LỆ,lead_1791425160407_78dco1,rcpt_1791425160407_k03lh6
08/10/2026 09:06:01,NP-2026-0762,Lê Quốc Sơn,0906888211,008492,VIET NAM PROPERTY,sonlq.rec@gmail.com,HỢP LỆ,lead_1791425161012_q2oaag,rcpt_1791425161012_702k2b
08/10/2026 09:06:01,NP-2026-0763,Bùi Ngân Thảo,0988199248,000737,CBC,alicebuiproperty@gmail.com,HỢP LỆ,lead_1791425161238_4yb9dn,rcpt_1791425161238_5jk454
08/10/2026 09:06:01,NP-2026-0764,Nguyễn Thị Ngọc Linh,0909827783,008806,T&A,ngoclinh0293@gmail.com,HỢP LỆ,lead_1791425161520_x0a8c2,rcpt_1791425161520_1d2d2n
08/10/2026 09:06:05,NP-2026-0765,T&A - Mỹ Viện,0359630252,003925,T&A,,HỢP LỆ,lead_1791425165440_bmncat,rcpt_1791425165440_gl1vzw
08/10/2026 09:06:06,NP-2026-0766,Phạm Thị Trúc Vi,0909358670,056304,PITALAND,trucvi09032004@gmail.com,HỢP LỆ,lead_1791425166147_4hbq23,rcpt_1791425166147_1s43li
08/10/2026 09:06:06,NP-2026-0767,PHẠM ĐĂNG HƯNG,0904673878,023251,AN KHANG HOMES,hungpham.bds2025@gmail.com,HỢP LỆ,lead_1791425166194_bibxox,rcpt_1791425166194_6tdryu
08/10/2026 09:06:06,NP-2026-0768,Trần Thanh Sang,0919639906,007368,AVI REALTY,thsang1911@gmail.com,HỢP LỆ,lead_1791425166663_mutoaq,rcpt_1791425166663_euo0j8
08/10/2026 09:06:07,NP-2026-0769,Huỳnh Thị Mỹ Hoà,0353012630,007778,AZHOMES,,HỢP LỆ,lead_1791425167073_5yly98,rcpt_1791425167073_ih3rl6
08/10/2026 09:06:07,NP-2026-0770,Trần Thị Thu Thảo,0902953564,016786,VIET NAM PROPERTY,thuthaoavl2020@gmail.com,HỢP LỆ,lead_1791425167801_2s4pic,rcpt_1791425167801_4l9xix
08/10/2026 09:06:08,NP-2026-0771,Nguyễn Thị Kim Dung,0933514839,000935,GEMS LAND,,HỢP LỆ,lead_1791425168901_0w426j,rcpt_1791425168901_fmmmv9
08/10/2026 09:06:09,NP-2026-0772,NGUYỄN HỮU THUẬN,0903090243,090243,GLOBAL HOMES,vanphongkhanhhoi@gmail.com,HỢP LỆ,lead_1791425169276_jwwswp,rcpt_1791425169276_kxibbf
08/10/2026 09:06:09,NP-2026-0773,Lương Hữu Khang,0901604388,023148,RED GROUP,khangribds@gmail.com,HỢP LỆ,lead_1791425169494_fsoeqg,rcpt_1791425169494_rxny8i
08/10/2026 09:06:09,NP-2026-0774,Phạm Hữu Hoàng,0967782877,020806,AVI REALTY,phamhuuhoang.tb1997@gmail.com,HỢP LỆ,lead_1791425169661_00k9d5,rcpt_1791425169661_ghsdp4
08/10/2026 09:06:09,NP-2026-0775,Nguyễn Minh Thành,0971410860,008925,REVER,thanhnm@rever.vn,HỢP LỆ,lead_1791425169921_fhbxos,rcpt_1791425169921_9868f1
08/10/2026 09:06:11,NP-2026-0776,Đặng Quốc Danh,0362110744,004651,REVER,danhdq@rever.vn,HỢP LỆ,lead_1791425171865_wx9a2u,rcpt_1791425171865_uys579
08/10/2026 09:06:12,NP-2026-0777,Trần Minh Kha,0886244452,200588,VIET NAM PROPERTY,khatm.agent@houze.vn,HỢP LỆ,lead_1791425172051_gko5f9,rcpt_1791425172051_x4upvn
08/10/2026 09:06:12,NP-2026-0778,Lê Nguyễn Huy,0384204226,002591,CBC,lenghuy7799@gmail.com,HỢP LỆ,lead_1791425172564_wgqwhg,rcpt_1791425172564_dcf1i7
08/10/2026 09:06:12,NP-2026-0779,Đinh Thị Minh Thuỳ,0938226248,014746,VIET NAM PROPERTY,minhthuy731994@gmail.com,HỢP LỆ,lead_1791425172818_hdk6jw,rcpt_1791425172818_5cqz5e
08/10/2026 09:06:13,NP-2026-0780,Nguyễn Hùng,0836868555,016624,UNITY LAND,hungnhads@gmail.com,HỢP LỆ,lead_1791425173323_21h42d,rcpt_1791425173323_yci5el
08/10/2026 09:06:13,NP-2026-0781,Lê Nguyễn Như Phúc,0916961239,005036,SMARTLAND,phuclerealty@gmail.com,HỢP LỆ,lead_1791425173816_oe5sp9,rcpt_1791425173816_c0buyh
08/10/2026 09:06:14,NP-2026-0782,Lương Thị Tuyết Mai,0907545858,008363,VIET NAM PROPERTY,suangel2017@gmail.com,HỢP LỆ,lead_1791425174716_ijojnz,rcpt_1791425174716_7bt7sq
08/10/2026 09:06:15,NP-2026-0783,Dương Thị Hồng Thuỷ,0941677389,029698,PITALAND,Thuyduong95b@gmail.com,HỢP LỆ,lead_1791425175592_jru7k8,rcpt_1791425175592_bkc4cr
08/10/2026 09:06:18,NP-2026-0784,Phạm Thị Kim Quyền,0388709572,004975,RED GROUP,,HỢP LỆ,lead_1791425178516_d85bhz,rcpt_1791425178517_d2lhqx
08/10/2026 09:06:18,NP-2026-0785,Nguyễn Long Phú,0916339133,007044,SI PROPERTY,,HỢP LỆ,lead_1791425178869_g93lcf,rcpt_1791425178869_6cfr45
08/10/2026 09:06:19,NP-2026-0786,Ngô Thị Bích Thảo,0979360403,006376,REVER,thaontb@rever.vn,HỢP LỆ,lead_1791425179170_s8f38v,rcpt_1791425179170_jvjc03
08/10/2026 09:06:19,NP-2026-0787,Phạm Thị Phương Lộc,0962968211,007569,DIAMOND LINKS,phuongloc3010@gmail.com,HỢP LỆ,lead_1791425179816_lvjf54,rcpt_1791425179816_orzldi
08/10/2026 09:06:20,NP-2026-0788,Lê Thảo Vy,0898884915,040126,SGI,,HỢP LỆ,lead_1791425180105_4gfajd,rcpt_1791425180105_0h3rjc
08/10/2026 09:06:20,NP-2026-0789,Vũ Văn Nam,0374922808,017912,SMARTLAND,vunam6971@gmail.com,HỢP LỆ,lead_1791425180806_wky8j5,rcpt_1791425180806_drcorv
08/10/2026 09:06:22,NP-2026-0790,Hồ Thị Anh Thư,0375456484,001453,AZHOMES,,HỢP LỆ,lead_1791425182364_7tzabf,rcpt_1791425182364_8fv8nl
08/10/2026 09:06:22,NP-2026-0791,Huỳnh Gia Huynh,0815512579,003908,ERA,,HỢP LỆ,lead_1791425182549_jqqx0x,rcpt_1791425182549_gonocq
08/10/2026 09:06:22,NP-2026-0792,Ngô Thị Mỹ Linh,0333732833,042199,CHÂU ĐẠI DƯƠNG,,HỢP LỆ,lead_1791425182617_kgpncv,rcpt_1791425182617_zx1upi
08/10/2026 09:06:22,NP-2026-0793,Đặng Thị Phượng,0835244146,004298,SMARTLAND,dangphuong4303@gmail.com,HỢP LỆ,lead_1791425182717_tudyt4,rcpt_1791425182717_ri9oaa
08/10/2026 09:06:22,NP-2026-0794,Cao Nguyễn Ngọc Luân,0919790110,016703,AN KHANG HOMES,,HỢP LỆ,lead_1791425182785_48di4z,rcpt_1791425182785_bq50d4
08/10/2026 09:06:22,NP-2026-0795,PHẠM NGỌC ĐIỆP,0931011155,080193,ĐÔNG TÂY LAND,,HỢP LỆ,lead_1791425182847_uhox1l,rcpt_1791425182848_zdfowk
08/10/2026 09:06:23,NP-2026-0796,Nguyễn Trúc,0917235158,033131,NEWSTARHOMES,trucnh@newstarland.com,HỢP LỆ,lead_1791425183228_blkt9v,rcpt_1791425183228_flr4hi
08/10/2026 09:06:24,NP-2026-0797,Nguyễn Thị Kim Lời,0934468977,010655,IQI,kimloibds@gmail.com,HỢP LỆ,lead_1791425184172_0rz4xr,rcpt_1791425184172_y7a84d
08/10/2026 09:06:24,NP-2026-0798,Lương Huy Hoàng,0389929247,000468,SMARTLAND,luonghuyhoang10203@gmail.com,HỢP LỆ,lead_1791425184571_41jd4b,rcpt_1791425184571_hp5vo9
08/10/2026 09:06:24,NP-2026-0799,Mạc Thanh Trang,0901329838,002821,EMG,,HỢP LỆ,lead_1791425184794_9zlo2j,rcpt_1791425184794_aqprd6
08/10/2026 09:06:25,NP-2026-0800,Trần Trung Hưng,0939703355,006617,PQR,hungtt.stda@gmail.com,HỢP LỆ,lead_1791425185349_c8j7t9,rcpt_1791425185349_v25gl8
08/10/2026 09:06:25,NP-2026-0801,Nguyễn Trung Quân,0332374867,027619,AVI REALTY,duantoanchu.000@gmail.com,HỢP LỆ,lead_1791425185371_6hve7u,rcpt_1791425185371_7252i2
08/10/2026 09:06:25,NP-2026-0802,Nguyên Bình Niê,0902682528,017260,SMARTLAND,binhbds365@gmail.com,HỢP LỆ,lead_1791425185658_iowti5,rcpt_1791425185658_4wazwv
08/10/2026 09:06:26,NP-2026-0803,Trương Thị Mỹ Tâm,0764189768,024134,PQR,mytamtruong.work@gmail.com,HỢP LỆ,lead_1791425186719_owj8ia,rcpt_1791425186719_thjjqm
08/10/2026 09:06:28,NP-2026-0804,Lâm Thế Vinh,0974950051,010630,AVI REALTY,lamtheevinh@gmai.com,HỢP LỆ,lead_1791425188287_ysmrq6,rcpt_1791425188287_tri4fs
08/10/2026 09:06:31,NP-2026-0805,Đoàn Cẩm Thơ,0772876869,011461,ĐÔNG TÂY LAND,thodc1987@gmail.com,HỢP LỆ,lead_1791425191251_fcfokg,rcpt_1791425191251_rw8a07
08/10/2026 09:06:31,NP-2026-0806,Nguyễn Thị Huyền,0909253584,014989,CBC,,HỢP LỆ,lead_1791425191305_ncvx5p,rcpt_1791425191305_m1z9do
08/10/2026 09:06:31,NP-2026-0807,Trương Thị Huệ Chi,0911223250,003776,T&A,nguyenchauquynhanhht@gmail.com,HỢP LỆ,lead_1791425191755_q9gzq1,rcpt_1791425191755_i0wygu
08/10/2026 09:06:32,NP-2026-0808,Nguyễn Phạm Thảo Chi,0866408902,000472,SGI,thienhatran12@gmail.com,HỢP LỆ,lead_1791425192113_utwbqu,rcpt_1791425192113_odwz2f
08/10/2026 09:06:32,NP-2026-0809,Nguyễn Hoàng Tuyên,0931255525,004222,SGI,nguyenhoangtuyen190@gmail.com,HỢP LỆ,lead_1791425192213_se4ofc,rcpt_1791425192213_tlj8gq
08/10/2026 09:06:32,NP-2026-0810,Phạm Thị Thanh Hương,0796424128,005569,ĐẤT XANH,thanhhuong36157@gmail.com,HỢP LỆ,lead_1791425192651_e6a8zw,rcpt_1791425192651_wqc6hf
08/10/2026 09:06:34,NP-2026-0811,Lê Thị Bé Thuỳ,0334911906,001539,TNP HOLDINGS,bethuyle112@gmail.com,HỢP LỆ,lead_1791425194140_fo1k97,rcpt_1791425194140_c3ff1i
08/10/2026 09:06:34,NP-2026-0812,Huỳnh Đức Trung,0332471342,007801,ERA,huynhductrung2901@gmail.com,HỢP LỆ,lead_1791425194270_lesael,rcpt_1791425194270_ztdpk9
08/10/2026 09:06:35,NP-2026-0813,Võ Minh Đạt,0835574877,013737,UNITY LAND,datminh1812200@gmail.com,HỢP LỆ,lead_1791425195329_c7r0fl,rcpt_1791425195329_85t5l1
08/10/2026 09:06:35,NP-2026-0814,VÕ THỊ LAN CHI,0773877909,010621,REDCA,lanchi.vo136@gmail.con,HỢP LỆ,lead_1791425195459_xny5uc,rcpt_1791425195459_n4wxzg
08/10/2026 09:06:37,NP-2026-0815,Huỳnh Như Ý,0919168951,003305,DIAMOND LINKS,huynhnhuy24071@gmail.com,HỢP LỆ,lead_1791425197052_ns9ezy,rcpt_1791425197052_hsndcf
08/10/2026 09:06:39,NP-2026-0816,Nguyễn Hoàng Thảo,0938039770,225566,SALEREAL,,HỢP LỆ,lead_1791425199032_7ghjfk,rcpt_1791425199032_wza004
08/10/2026 09:06:39,NP-2026-0817,Nguyễn Minh Trường,0961622060,015244,UNITY LAND,,HỢP LỆ,lead_1791425199154_4t5upq,rcpt_1791425199154_a615c8
08/10/2026 09:06:41,NP-2026-0818,Trần Đỗ Hoài Thương,0968671101,011061,AVI REALTY,hthuongg078@gmail.com,HỢP LỆ,lead_1791425201245_rm56pd,rcpt_1791425201245_r21918
08/10/2026 09:06:41,NP-2026-0819,Vũ Đăng Tuấn Tài,0376868578,009149,IQI,vudangtuantai@gmail.com,HỢP LỆ,lead_1791425201518_ix59yb,rcpt_1791425201518_fr3dza
08/10/2026 09:06:41,NP-2026-0820,Đỗ Vũ Bích Hạnh,0796599168,007224,SMARTLAND,,HỢP LỆ,lead_1791425201838_y9zx69,rcpt_1791425201838_rs64ty
08/10/2026 09:06:41,NP-2026-0821,Nguyễn Thị Bảo Nhi,0972801509,006824,SALEREAL,annhienbao1234@gmail.com,HỢP LỆ,lead_1791425201875_v8y159,rcpt_1791425201875_2s2ga1
08/10/2026 09:06:43,NP-2026-0822,Nguyễn Ánh Duyên,0326241124,023059,REDCA,duyenwork256@gmail.com,HỢP LỆ,lead_1791425203943_cr9c8b,rcpt_1791425203943_fqliub
08/10/2026 09:06:44,NP-2026-0823,Trần Ngọc Nguyễn Anh,0898807924,002941,SGROUP,anhnguyenag03@gmail.com,HỢP LỆ,lead_1791425204413_bmsf8k,rcpt_1791425204413_adh97s
08/10/2026 09:06:46,NP-2026-0824,Trần Quang Thái,0945133789,000050,REVER,qthai333@gmail.com,HỢP LỆ,lead_1791425206324_bd7et1,rcpt_1791425206324_0xchkh
08/10/2026 09:06:46,NP-2026-0825,Vũ Lê Thảo Uyên,0896521033,022605,AZHOMES,vulethaouyen04@gmail.com,HỢP LỆ,lead_1791425206597_vu9h9l,rcpt_1791425206597_8lkp31
08/10/2026 09:06:47,NP-2026-0826,NGUYỄN THỊ MINH TÂM,0903120708,003251,LIÊN GIA LAND,tamntm1712@gmail.com,HỢP LỆ,lead_1791425207561_nbkmx9,rcpt_1791425207561_639vnr
08/10/2026 09:06:47,NP-2026-0827,NGUYỄN THỊ MỸ LỆ,0909847787,012088,UNITY LAND,nguyenmyle1903@gmail.com,HỢP LỆ,lead_1791425207839_jgps9d,rcpt_1791425207839_0emkb3
08/10/2026 09:06:49,NP-2026-0828,Vũ Phương Hoàng,0362891011,017986,SMARTLAND,vuphuonghoangtchq@gmail.com,HỢP LỆ,lead_1791425209073_0jqcy9,rcpt_1791425209073_es5sct
08/10/2026 09:06:49,NP-2026-0829,Huỳnh Thị Kim Ngân,0931491049,011708,SALEREAL,sungan0703@gmail.com,HỢP LỆ,lead_1791425209111_3cjni4,rcpt_1791425209111_2byt0t
08/10/2026 09:06:49,NP-2026-0830,Phạm Văn Hùng,0776234236,003962,UNITY LAND,phamhungland.hcm@gmail.com,HỢP LỆ,lead_1791425209138_je76hm,rcpt_1791425209138_p8j8nv
08/10/2026 09:06:50,NP-2026-0831,Trần Ngọc Hoàng,0944187178,007505,VIET NAM PROPERTY,,HỢP LỆ,lead_1791425210336_hqqmbf,rcpt_1791425210336_t7gyrm
08/10/2026 09:06:50,NP-2026-0832,Trương Cẩm Quí,0706406679,015376,REVER,truongcamqui723@gmail.com,HỢP LỆ,lead_1791425210686_pahc2t,rcpt_1791425210686_6uzswc
08/10/2026 09:06:54,NP-2026-0833,NGUYỄN THỊ THU,0917503788,003388,SMARTLAND,hoangthu208@gmail.com,HỢP LỆ,lead_1791425214070_nwtaph,rcpt_1791425214070_a0a509
08/10/2026 09:06:55,NP-2026-0834,Nguyễn Thị Thanh Hoa,0966259587,000722,IQI,thanhhoa020797@gmail.com,HỢP LỆ,lead_1791425215528_ye2ixh,rcpt_1791425215528_ou77f9
08/10/2026 09:06:58,NP-2026-0835,Nguyễn Thị Mỹ Tiên,0916658738,006243,ERA,,HỢP LỆ,lead_1791425218163_8o4aj0,rcpt_1791425218163_fiai1q
08/10/2026 09:07:01,NP-2026-0836,Vũ trần thị thuý hằng,0974325527,001052,AKA PROPERTY,vuhangvt89@gmail.com,HỢP LỆ,lead_1791425221155_h4ty2n,rcpt_1791425221155_rm1rlf
08/10/2026 09:07:01,NP-2026-0837,Hàng Quốc Khiêm,0967400637,010833,VIET NAM PROPERTY,,HỢP LỆ,lead_1791425221947_lhcf8z,rcpt_1791425221947_4ka38b
08/10/2026 09:07:02,NP-2026-0838,Hồ Nhật Phi,0856836001,003463,UNITY LAND,honhatphi999@gmail.com,HỢP LỆ,lead_1791425222076_9c899s,rcpt_1791425222076_t42dbm
08/10/2026 09:07:03,NP-2026-0839,Đỗ Thị Bích Thuỷ,0933120381,020710,ERA,thuydo12381@gmail.com,HỢP LỆ,lead_1791425223355_6qutbe,rcpt_1791425223355_rrmp7u
08/10/2026 09:07:05,NP-2026-0840,PHÙ THỊ THANH THỦY,0905112882,005734,ELINK,phuthanhthuy1986@gmail.com,HỢP LỆ,lead_1791425225148_ryie2v,rcpt_1791425225148_qhs1ik
08/10/2026 09:07:05,NP-2026-0841,Võ Trang Xinh,0989565731,000044,HOMEDAY,trangxinhvt@gmail.com,HỢP LỆ,lead_1791425225827_d7m9vk,rcpt_1791425225827_ytzahx
08/10/2026 09:07:05,NP-2026-0842,Nguyễn Huy Hoàng,0977200102,012044,AVI REALTY,admin@avirealty.vn,HỢP LỆ,lead_1791425225942_zikmsl,rcpt_1791425225942_m0h9pi
08/10/2026 09:07:06,NP-2026-0843,Lê Thị Thuỳ Linh,0777259797,008789,IQI,lethithuylinh131193@gmail.com,HỢP LỆ,lead_1791425226107_d2582l,rcpt_1791425226107_f6cvk6
08/10/2026 09:07:06,NP-2026-0844,Trần Thị Tú Nhi,0907027299,005445,SMARTLAND,tttnhiee@gmail.com,HỢP LỆ,lead_1791425226552_xn83sr,rcpt_1791425226552_1d4bvd
08/10/2026 09:07:06,NP-2026-0845,Nguyễn Mạnh Thiết,0909948986,015204,AN KHANG HOMES,manhthietland@gmail.com,HỢP LỆ,lead_1791425226744_q97fi9,rcpt_1791425226744_ab8quo
08/10/2026 09:07:09,NP-2026-0846,Lý Siêu Quân,0936076738,041253,GLOBAL HOMES,,HỢP LỆ,lead_1791425229357_wswkkz,rcpt_1791425229357_8r8w4n
08/10/2026 09:07:09,NP-2026-0847,Phùng thị hiền,0347928319,030301,HOMEDAY,hienphungthi18@gmail.com,HỢP LỆ,lead_1791425229539_1w8lx1,rcpt_1791425229539_i17jia
08/10/2026 09:07:10,NP-2026-0848,Nguyễn Trường Thiên,0938698924,003087,AZHOMES,Truongthienea@gmail.com,HỢP LỆ,lead_1791425230430_ozxtwx,rcpt_1791425230430_02x6ic
08/10/2026 09:07:10,NP-2026-0849,Võ Thu Thảo,0852790201,006099,LT LUXURY,thaovothu@gmail.com,HỢP LỆ,lead_1791425230667_sq6rss,rcpt_1791425230667_3s464q
08/10/2026 09:07:12,NP-2026-0850,Lê Thị Hồng,0915101369,018059,VIET NAM PROPERTY,lehongland9020@gmail.com,HỢP LỆ,lead_1791425232122_m02k1u,rcpt_1791425232122_0egu1u
08/10/2026 09:07:14,NP-2026-0851,Nguyễn Đình Định,0916663238,026117,DIAMOND LINKS,,HỢP LỆ,lead_1791425234747_n9fj7m,rcpt_1791425234747_t5pq76
08/10/2026 09:07:15,NP-2026-0852,Lê Trương Công Hoà,0936193217,003247,PQR,letruongconghoa95@gmail.com,HỢP LỆ,lead_1791425235609_g4ngko,rcpt_1791425235609_dey7io
08/10/2026 09:07:16,NP-2026-0853,Trần Thị Lệ Hằng,0937477894,022390,GEMS LAND,tranhang894@gmail.com,HỢP LỆ,lead_1791425236698_9lxucp,rcpt_1791425236698_ow30ri
08/10/2026 09:07:18,NP-2026-0854,Mai Văn Mỹ,0909791927,093883,AVI REALTY,mymv0704@gmail.com,HỢP LỆ,lead_1791425238897_1xxltg,rcpt_1791425238897_noujuk
08/10/2026 09:07:19,NP-2026-0855,Văn Thị Thu Trang,0937004301,000039,UNITY LAND,thutrang87204@gmail.com,HỢP LỆ,lead_1791425239238_cf3mql,rcpt_1791425239238_s8phzu
08/10/2026 09:07:23,NP-2026-0856,Huỳnh Minh Thy,0909655648,008348,REVER,,HỢP LỆ,lead_1791425243791_gbu8n2,rcpt_1791425243791_w3dpit
08/10/2026 09:07:25,NP-2026-0857,Trịnh Tuấn Anh,0367005813,010434,AVI REALTY,,HỢP LỆ,lead_1791425245040_0igf3c,rcpt_1791425245040_uxe64j
08/10/2026 09:07:25,NP-2026-0858,Phan Hữu Thái,0896654844,015595,PITALAND,,HỢP LỆ,lead_1791425245094_d6xsja,rcpt_1791425245094_qowg0u
08/10/2026 09:07:25,NP-2026-0859,Vũ Viết Quân,0853535033,022886,AN KHANG HOMES,vuquanofficial@gmail.com,HỢP LỆ,lead_1791425245136_ujogvl,rcpt_1791425245136_4u0et9
08/10/2026 09:07:28,NP-2026-0860,Nguyễn Thị Hoà,0932757758,014419,ERA,,HỢP LỆ,lead_1791425248682_dymz1e,rcpt_1791425248682_wmf9ma
08/10/2026 09:07:29,NP-2026-0861,Phan Khắc Mạnh Vũ,0703272777,001292,ERA,,HỢP LỆ,lead_1791425249931_sb3ei0,rcpt_1791425249931_2dw6eh
08/10/2026 09:07:30,NP-2026-0862,Phương Thị Quỳnh Anh,0901102822,015123,AN KHANG HOMES,phuongquynhanh1992@gmail.com,HỢP LỆ,lead_1791425250062_oc43bx,rcpt_1791425250062_fbs0ih
08/10/2026 09:07:30,NP-2026-0863,Hoàng Vũ Anh Duy,0932659459,029750,AKA PROPERTY,duy.hoang1725@gmail.com,HỢP LỆ,lead_1791425250158_okx87c,rcpt_1791425250158_bjcygf
08/10/2026 09:07:31,NP-2026-0864,Trịnh Trọng Vương,0374043689,006833,ERA,trinhtrongvuong@gmail.com,HỢP LỆ,lead_1791425251586_0tkymw,rcpt_1791425251586_h7moke
08/10/2026 09:07:31,NP-2026-0865,Lê Thị Thu Hiền,0819020689,008861,CBC,leehien0206@gmail.co,HỢP LỆ,lead_1791425251628_bh6klh,rcpt_1791425251628_y0qztl
08/10/2026 09:07:32,NP-2026-0866,LÊ CUNG BÁCH,0932136466,011967,KZEN,bach.kzen@gmail.com,HỢP LỆ,lead_1791425252465_keyuyn,rcpt_1791425252465_xz1yhi
08/10/2026 09:07:32,NP-2026-0867,Trần Việt Cường,0703029397,003584,SALEREAL,vietcuong202@gmail.com,HỢP LỆ,lead_1791425252552_u9bly8,rcpt_1791425252552_axtve2
08/10/2026 09:07:33,NP-2026-0868,Nguyễn Thị Hoa,0931207517,025848,SMARTLAND,hoa-nguyen@smartland.vn,HỢP LỆ,lead_1791425253299_ywe0ma,rcpt_1791425253299_q095or
08/10/2026 09:07:33,NP-2026-0869,Nguyễn Minh Tuấn,0937680633,040718,UNITY LAND,nguyenminhtuan02122003@gmail.com,HỢP LỆ,lead_1791425253521_swac32,rcpt_1791425253521_p7hdxm
08/10/2026 09:07:33,NP-2026-0870,Nguyễn Tấn Vũ,0908049680,021264,GEMS LAND,nguyentanvu15121989@gmail.com,HỢP LỆ,lead_1791425253686_2sglxl,rcpt_1791425253686_wt0q6s
08/10/2026 09:07:36,NP-2026-0871,Nguyễn Thị Toàn,0936193286,019528,INDOCHINE,,HỢP LỆ,lead_1791425256363_yv5lpg,rcpt_1791425256363_s9r6ne
08/10/2026 09:07:36,NP-2026-0872,Nguyễn Thị Ánh Dương,0866707767,002417,VIET NAM PROPERTY,anhduong4103@gmail.com,HỢP LỆ,lead_1791425256528_n9pvn0,rcpt_1791425256528_8dcnyo
08/10/2026 09:07:38,NP-2026-0873,Nguyễn Minh Khoa,0384166071,029076,ERA,minhkhoa250699@gmail.com,HỢP LỆ,lead_1791425258063_i816d6,rcpt_1791425258063_3w9zrv
08/10/2026 09:07:38,NP-2026-0874,Dương Quốc Trung,0966025978,006883,GLOBAL HOMES,duongquoctrung95hcm@gmail.com,HỢP LỆ,lead_1791425258558_cyni9v,rcpt_1791425258558_bcs457
08/10/2026 09:07:38,NP-2026-0875,Lê Thị Tuyết Trân,0938252638,003426,IQI,,HỢP LỆ,lead_1791425258978_cmq1qy,rcpt_1791425258978_0o11xn
08/10/2026 09:07:39,NP-2026-0876,Trần thị Mừng,0937846066,027107,KHẢI MINH LAND,mungtt2020@gmail.com,HỢP LỆ,lead_1791425259622_zrh0v2,rcpt_1791425259622_5ntg3a
08/10/2026 09:07:41,NP-2026-0877,Bùi Đức Thiện,0978638486,001937,UNITY LAND,buiducthien070296@gmail.com,HỢP LỆ,lead_1791425261312_0bzx3p,rcpt_1791425261312_12o9rl
08/10/2026 09:07:41,NP-2026-0878,NgocLuu,0983707089,003353,VIET NAM PROPERTY,kimngocluu86@gmail.com,HỢP LỆ,lead_1791425261425_d95x5m,rcpt_1791425261425_8ygj87
08/10/2026 09:07:42,NP-2026-0879,Lê Ngọc Tiến,0977807506,008398,BAM LAND,letienvtalx2@gmail.com,HỢP LỆ,lead_1791425262031_9drgy1,rcpt_1791425262031_zrodjb
08/10/2026 09:07:43,NP-2026-0880,LÊ THỊ LAN ANH,0385423853,001012,NOVAZON,lananhle190802@gmail.com,HỢP LỆ,lead_1791425263755_zt8v6g,rcpt_1791425263755_n7n40e
08/10/2026 09:07:46,NP-2026-0881,Trần Hải Cường,0937709705,012732,AVI REALTY,haicuong132@gmail.com,HỢP LỆ,lead_1791425266291_8p16nd,rcpt_1791425266291_nnp2dx
08/10/2026 09:07:46,NP-2026-0882,Nguyễn Thị Thảo,0947652669,000960,AVI REALTY,nguyenthithao2889@gmail.com,HỢP LỆ,lead_1791425266897_9t2gak,rcpt_1791425266897_k5rqkg
08/10/2026 09:07:47,NP-2026-0883,Trần Thị Kim Thảo,0906997968,023130,GLOBAL HOMES,,HỢP LỆ,lead_1791425267130_itjw0d,rcpt_1791425267130_pmwsyt
08/10/2026 09:07:48,NP-2026-0884,Nguyễn Thái Long,0938610690,015891,SGI,nguyenthailong.sg@gmail.com,HỢP LỆ,lead_1791425268624_ny6s7e,rcpt_1791425268624_6puoyo
08/10/2026 09:07:51,NP-2026-0885,ĐOÀN THỊ DIỄM TRINH,0938019786,002043,HOMEDAY,diemtrinhdoan0907@gmail.com,HỢP LỆ,lead_1791425271295_h1chqs,rcpt_1791425271295_orioc7
08/10/2026 09:07:51,NP-2026-0886,Trương Thị Hiền,0907996482,003814,GEMS LAND,truonghien795@gmail.com,HỢP LỆ,lead_1791425271713_bs2olp,rcpt_1791425271713_n4z71j
08/10/2026 09:07:52,NP-2026-0887,Ngô Thành Trung,0395137581,021156,CBC,Ngothanhtrungdx@gmail.com,HỢP LỆ,lead_1791425272099_h599rh,rcpt_1791425272099_xrcthw
08/10/2026 09:07:54,NP-2026-0888,Phạm Ngọc Phương Thảo,0763889923,021043,ĐẤT XANH,,HỢP LỆ,lead_1791425274097_48xani,rcpt_1791425274097_re75e0
08/10/2026 09:08:01,NP-2026-0889,Võ Văn Lợi,0938464161,010038,GEMS LAND,,HỢP LỆ,lead_1791425281045_i18wf4,rcpt_1791425281045_b81gyz
08/10/2026 09:08:01,NP-2026-0890,Nguyễn Anh Duy,0932037268,014493,VIET NAM PROPERTY,,HỢP LỆ,lead_1791425281882_8q7nhg,rcpt_1791425281882_d376r0
08/10/2026 09:08:05,NP-2026-0891,Nguyễn Ngọc Phụng,0913762239,034055,PQR,alice.nguyen@dwellsea.com,HỢP LỆ,lead_1791425285904_fx74o9,rcpt_1791425285904_bzchem
08/10/2026 09:08:07,NP-2026-0892,Lê Minh Đại,0935665437,002584,IQI,leminhdai163tp@gmail.com,HỢP LỆ,lead_1791425287140_8ynusf,rcpt_1791425287140_0y6x2a
08/10/2026 09:08:07,NP-2026-0893,Nguyễn Thị Mỹ Tiên,0968874417,000798,KHẢI MINH LAND,nguyenmytien94@gmail.com,HỢP LỆ,lead_1791425287356_i2er9m,rcpt_1791425287356_cmzifv
08/10/2026 09:08:09,NP-2026-0894,Võ Bá Cường,0933048058,088141,NOVAZON,,HỢP LỆ,lead_1791425289225_7sr263,rcpt_1791425289225_jbg2qg
08/10/2026 09:08:09,NP-2026-0895,Nguyễn Chí Nhân,0938938631,013515,AVI REALTY,jack9nguyen7@gmail.com,HỢP LỆ,lead_1791425289296_9elkc5,rcpt_1791425289296_yl8cn0
08/10/2026 09:08:09,NP-2026-0896,TRẦN NGỌC LA MI,0937792192,008553,VIET NAM PROPERTY,ngoclami219@gmail.com,HỢP LỆ,lead_1791425289840_vmsbgr,rcpt_1791425289840_nhqdrq
08/10/2026 09:08:10,NP-2026-0897,Phạm Hoành Kha,0938601994,010359,SMARTLAND,hoangkha.pham@smartland.vn,HỢP LỆ,lead_1791425290455_yypefo,rcpt_1791425290455_curju9
08/10/2026 09:08:10,NP-2026-0898,Trần Mai Vương,0868666667,012542,EMPIRE REALTY,,HỢP LỆ,lead_1791425290709_0s163t,rcpt_1791425290709_fm1pll
08/10/2026 09:08:11,NP-2026-0899,Chung thuc hien,0764800859,005428,PQR,queeniechung16@gnail.com,HỢP LỆ,lead_1791425291988_sba5ub,rcpt_1791425291988_jhjehs
08/10/2026 09:08:12,NP-2026-0900,Phạm Chí Định,0368336994,011112,CHÂU ĐẠI DƯƠNG,dinh113hero@gmail.com,HỢP LỆ,lead_1791425292998_wwokez,rcpt_1791425292998_c0ovx3
08/10/2026 09:08:13,NP-2026-0901,Phạm Thị Lan Anh,0346467994,000642,PQR,lananh30071999@gmail.com,HỢP LỆ,lead_1791425293727_2h59ue,rcpt_1791425293727_s7ugef
08/10/2026 09:08:15,NP-2026-0902,Huỳnh Thị Ái,0944350111,006620,NOVAZON,ai.huynh@novazon.vn,HỢP LỆ,lead_1791425295877_kgrhsz,rcpt_1791425295877_yf0tg7
08/10/2026 09:08:15,NP-2026-0903,NGUYỄN THỊ ANH VÂN,0917909227,015019,EMPIRE REALTY,,HỢP LỆ,lead_1791425295899_4jacja,rcpt_1791425295899_o8270d
08/10/2026 09:08:18,NP-2026-0904,Lê Thị Trang,0938992232,020615,PITALAND,trangpitaland@gmail.com,HỢP LỆ,lead_1791425298531_g4ggo4,rcpt_1791425298531_7fe61f
08/10/2026 09:08:19,NP-2026-0905,Trần Ngọc Phong,0918518693,019204,T&A,phongtran.vie@gmail.com,HỢP LỆ,lead_1791425299687_ntsg8r,rcpt_1791425299687_72zj24
08/10/2026 09:08:19,NP-2026-0906,Nguyễn Thị Thu Hằng,0399622716,013072,LT LUXURY,thuhangnguyen.020402@gmail.com,HỢP LỆ,lead_1791425299942_kx0zj7,rcpt_1791425299942_2i11qo
08/10/2026 09:08:21,NP-2026-0907,Bùi Hồng Ngọc,0363331779,008146,KHẢI MINH LAND,buihongngoc.tnmt@gmail.com,HỢP LỆ,lead_1791425301664_u61vdm,rcpt_1791425301664_fxawyf
08/10/2026 09:08:22,NP-2026-0908,NGUYỄN TRUNG DŨNG,0902010802,023193,DIAMOND LINKS,,HỢP LỆ,lead_1791425302169_5sp6df,rcpt_1791425302169_oimccd
08/10/2026 09:08:22,NP-2026-0909,Nguyễn Trung Hiếu,0909427090,005387,LIÊN GIA LAND,trunghieucenland@gmail.con,HỢP LỆ,lead_1791425302700_hx99du,rcpt_1791425302700_hjg3c8
08/10/2026 09:08:28,NP-2026-0910,Nguyễn Thanh Thanh,0903891929,008554,ERA,thanhthanhdth@gmail.com,HỢP LỆ,lead_1791425308848_am3akj,rcpt_1791425308848_01bhyz
08/10/2026 09:08:29,NP-2026-0911,Nguyễn Tô Anh Vũ,0932349281,080203,UNITY LAND,nguyenvu2007203@gmail.com,HỢP LỆ,lead_1791425309517_sb7tiq,rcpt_1791425309517_t207dr
08/10/2026 09:08:30,NP-2026-0912,Phan Thị Dung,0909768370,006758,GEMS LAND,dung.phanthi@gamudaland.com.my,HỢP LỆ,lead_1791425310666_ecml1m,rcpt_1791425310666_n4x13w
08/10/2026 09:08:31,NP-2026-0913,Đỗ Thị Thu Thuỷ,0902812088,007541,KHẢI MINH LAND,ngocthuytrangland@gmail.com,HỢP LỆ,lead_1791425311556_vpfm3e,rcpt_1791425311556_u9gxf9
08/10/2026 09:08:33,NP-2026-0914,Hoàng thị bích,0906531399,001399,AVI REALTY,julybich1st@gmail.com,HỢP LỆ,lead_1791425313048_fykrxj,rcpt_1791425313048_j1bcrr
08/10/2026 09:08:34,NP-2026-0915,Huỳnh Thanh Trưởng,0931145284,001092,AN KHANG HOMES,huynhquang2009@gmail.com,HỢP LỆ,lead_1791425314059_tktybn,rcpt_1791425314059_v0ifce
08/10/2026 09:08:36,NP-2026-0916,Phạm Thị Trúc Vi,0909358670,005964,PITALAND,trucvi09032004@gmail.com,HỢP LỆ,lead_1791425316875_u3kv9o,rcpt_1791425316875_jubffz
08/10/2026 09:08:37,NP-2026-0917,Lê Thị Thu Tâm,0966476258,004199,SMARTLAND,ltttam.c11@gmail.com,HỢP LỆ,lead_1791425317304_fua1mk,rcpt_1791425317304_pfzssi
08/10/2026 09:08:38,NP-2026-0918,Trần Thanh Liêm,0908802677,024127,UNITY LAND,hr.thanhliem@gmail.com,HỢP LỆ,lead_1791425318018_l24mfw,rcpt_1791425318018_tezrcj
08/10/2026 09:08:40,NP-2026-0919,Trương Hoàng Đạt,0357594977,019118,UNITY LAND,truongdatdh@gmail.com,HỢP LỆ,lead_1791425320251_aohz8u,rcpt_1791425320251_zik4sb
08/10/2026 09:08:40,NP-2026-0920,Hoàng Văn Quang,0918633744,011732,SGI,,HỢP LỆ,lead_1791425320483_8nttpt,rcpt_1791425320483_yhu72l
08/10/2026 09:08:40,NP-2026-0921,Huỳnh Minh Tiến,0836790405,008260,GLOBAL HOMES,hmtien1404@gmail.com,HỢP LỆ,lead_1791425320862_cwrih2,rcpt_1791425320862_gqr3mp
08/10/2026 09:08:41,NP-2026-0922,Huỳnh Văn Toàn,0938051111,003326,KHẢI MINH LAND,huynhtoan1989@gmail.com,HỢP LỆ,lead_1791425321625_kfjnps,rcpt_1791425321625_jcyp24
08/10/2026 09:08:42,NP-2026-0923,Trần Thị Thanh Xuân,0903119701,033370,AKA PROPERTY,thanhxuantran76@gmail.com,HỢP LỆ,lead_1791425322940_kuvkvz,rcpt_1791425322940_2m6g2q
08/10/2026 09:08:43,NP-2026-0924,Lê Thanh Thái,0908533979,000200,GLOBAL HOMES,,HỢP LỆ,lead_1791425323419_6n300r,rcpt_1791425323419_9yqnd6
08/10/2026 09:08:46,NP-2026-0925,Nguyễn Thị Sinh Nhật,0965442439,008062,NOVAZON,nguyenthisinhnhatqn@gmail.com,HỢP LỆ,lead_1791425326369_rb8qrn,rcpt_1791425326369_wifhbu
08/10/2026 09:08:46,NP-2026-0926,HÀ NỘI NAM,0909515123,003257,VIET NAM PROPERTY,,HỢP LỆ,lead_1791425326663_nf1iln,rcpt_1791425326663_cbts67
08/10/2026 09:08:48,NP-2026-0927,Nguyễn Thu Hương,0908461111,027342,CBC,,HỢP LỆ,lead_1791425328415_3i00re,rcpt_1791425328415_6rcgls
08/10/2026 09:08:49,NP-2026-0928,NGUYỄN MINH HOÀNG,0908255369,000079,T&A,nguyenhoang.real@gmail.com,HỢP LỆ,lead_1791425329012_pcg5g5,rcpt_1791425329012_81ov78
08/10/2026 09:08:49,NP-2026-0929,Nguyễn Thành Trung,0918963928,012951,REVER,trungnt7@rever.vn,HỢP LỆ,lead_1791425329570_d8zesa,rcpt_1791425329570_h23nvg
08/10/2026 09:08:50,NP-2026-0930,Hồ Nguyễn Xuân Trường,0764003914,008775,AVI REALTY,xtruong1702@gmail.com,HỢP LỆ,lead_1791425330684_h232hz,rcpt_1791425330684_3vd7c5
08/10/2026 09:08:52,NP-2026-0931,Đinh Quốc Tân,0902431112,016569,REVER,tandq@rever.vn,HỢP LỆ,lead_1791425332478_c974yc,rcpt_1791425332479_dudg4f
08/10/2026 09:08:52,NP-2026-0932,Lê Huỳnh Bá Lộc,0919345630,011604,CBC,baloc1308@gmail.com,HỢP LỆ,lead_1791425332524_fswm8n,rcpt_1791425332524_lm9qj1
08/10/2026 09:08:53,NP-2026-0933,Ngô Thị Hoài An,0938296552,007701,NOVAZON,anngo1094@gmail.com,HỢP LỆ,lead_1791425333675_xfdn0l,rcpt_1791425333675_res45c
08/10/2026 09:08:56,NP-2026-0934,Vũ Kim Điền,0937002304,001976,IQI,dienvukim@gmail.com,HỢP LỆ,lead_1791425336120_ji8kes,rcpt_1791425336120_vbxjnb
08/10/2026 09:08:57,NP-2026-0935,NGUYỄN HỮU THỌ,0903061728,011107,CHÂU ĐẠI DƯƠNG,,HỢP LỆ,lead_1791425337603_yx91hs,rcpt_1791425337603_dft83g
08/10/2026 09:08:58,NP-2026-0936,Huỳnh Lê Dương,0838383997,001547,NOVAZON,huynhleduong0797@gmail.com,HỢP LỆ,lead_1791425338341_ajjiz1,rcpt_1791425338341_p3pl3z
08/10/2026 09:09:00,NP-2026-0937,Bùi Nhật Mỵ,0898578457,009885,NOVAZON,nhatmymae@gmail.com,HỢP LỆ,lead_1791425340390_jpkiw1,rcpt_1791425340390_qcoy8i
08/10/2026 09:09:01,NP-2026-0938,Bùi Thị Cẩm Tiên,0919194535,008721,NEWSTARHOMES,,HỢP LỆ,lead_1791425341212_30y72y,rcpt_1791425341212_ryo2cv
08/10/2026 09:09:02,NP-2026-0939,Võ Kim Đạt,0937042994,009631,AVI REALTY,datvokim@gmail.com,HỢP LỆ,lead_1791425342840_ozb3md,rcpt_1791425342840_wmfxff
08/10/2026 09:09:04,NP-2026-0940,Lê Thuỵ Hoàng Khanh,0908224848,026941,CBC,lekhanh261189@gmail.com,HỢP LỆ,lead_1791425344599_ufhz8e,rcpt_1791425344599_58awo2
08/10/2026 09:09:05,NP-2026-0941,Nguyen Thi Quynh Tram,0988465088,000518,NOVAZON,,HỢP LỆ,lead_1791425345824_6mnytu,rcpt_1791425345824_pgo52m
08/10/2026 09:09:07,NP-2026-0942,Bùi Ngọc Tuấn Cường,0908181085,017428,AKA PROPERTY,buingoctuancuong@gmail.com,HỢP LỆ,lead_1791425347955_nfmg71,rcpt_1791425347955_iwqqdl
08/10/2026 09:09:08,NP-2026-0943,Nguyễn Thị Kim Ba,0901104686,007465,ERA,,HỢP LỆ,lead_1791425348070_9hm9tx,rcpt_1791425348070_5fv82z
08/10/2026 09:09:08,NP-2026-0944,Huỳnh Anh Vũ,0933678321,000075,UNITY LAND,huynhanhvu.ht@gmail.com,HỢP LỆ,lead_1791425348821_60k97t,rcpt_1791425348821_pbyo6p
08/10/2026 09:09:09,NP-2026-0945,Phạm Thị Huyền Trang,0812046799,010769,VIET NAM PROPERTY,huyentrangbutalee@gmail.com,HỢP LỆ,lead_1791425349040_rxj7hh,rcpt_1791425349040_58u1w6
08/10/2026 09:09:12,NP-2026-0946,Nguyễn Quang Lâm,0908079909,000118,AKA PROPERTY,nguyenquanglam.it1987@gmail.com,HỢP LỆ,lead_1791425352734_aydj08,rcpt_1791425352734_a8l6eg
08/10/2026 09:09:13,NP-2026-0947,Hoàng Thị Cẩm Nhung,0941195080,023367,VIỆT NAM LAND,nhgg197@gmail.com,HỢP LỆ,lead_1791425353874_y5tmgk,rcpt_1791425353874_jpgfvi
08/10/2026 09:09:14,NP-2026-0948,Hoàng Thị Huyền,0838996889,006948,SMARTLAND,hoanghuyen46ht@gmail.com,HỢP LỆ,lead_1791425354600_egt9b0,rcpt_1791425354600_fzgea4
08/10/2026 09:09:15,NP-2026-0949,Trương Hồng Phát,0909410548,000141,T&A,hongphat2809@gmail.com,HỢP LỆ,lead_1791425355155_x1hmb4,rcpt_1791425355155_51m6tg
08/10/2026 09:09:17,NP-2026-0950,Nguyễn Ngọc Vân,0938786716,006423,T&A,nguyenngocvan.0801@gmail.com,HỢP LỆ,lead_1791425357907_ty9ocx,rcpt_1791425357907_ysrq7k
08/10/2026 09:09:18,NP-2026-0951,Nguyễn Châu Nhật Hùng,0589714890,013941,NEWSTARHOMES,hungnn248@gmail.com,HỢP LỆ,lead_1791425358415_lqlloy,rcpt_1791425358415_88i8oi
08/10/2026 09:09:19,NP-2026-0952,Ngô Thành Nhựt,0932215275,000074,T&A,,HỢP LỆ,lead_1791425359586_5vkgd2,rcpt_1791425359586_cmjhvh
08/10/2026 09:09:19,NP-2026-0953,Đỗ Trần Long,0948448879,001532,AKA PROPERTY,dtlong2111@gmail.com,HỢP LỆ,lead_1791425359790_u66un8,rcpt_1791425359790_kt9mg2
08/10/2026 09:09:20,NP-2026-0954,Trần thị Hằng,0377621111,013969,SMARTLAND,tranhang621111@gmail.com,HỢP LỆ,lead_1791425360128_529f3h,rcpt_1791425360128_mxzf6g
08/10/2026 09:09:20,NP-2026-0955,0937617508,0937617508,009524,NOVAZON,nguyennhat22239@gmail.com,HỢP LỆ,lead_1791425360681_3hcdic,rcpt_1791425360681_ca4pj2
08/10/2026 09:09:22,NP-2026-0956,Lê Minh Hiếu,0986658021,008800,DIAMOND LINKS,hieuminh.nkc@gmail.com,HỢP LỆ,lead_1791425362182_bsqrhc,rcpt_1791425362182_ba5851
08/10/2026 09:09:24,NP-2026-0957,Lê Thị Tám,0393919193,047373,SMARTLAND,tam.le@smartland.vn,HỢP LỆ,lead_1791425364035_klv9x9,rcpt_1791425364035_kxysk7
08/10/2026 09:09:25,NP-2026-0958,Nguyễn Đình Quyết,0901814545,039429,PQR,dinhquyetbds@gmail.com,HỢP LỆ,lead_1791425365713_fqyf7v,rcpt_1791425365713_7ifr2f
08/10/2026 09:09:26,NP-2026-0959,phạm thuỳ trang,0969564231,027082,AVI REALTY,phamthuytrang0312@gmail.com,HỢP LỆ,lead_1791425366632_4i756o,rcpt_1791425366632_3pqxbc
08/10/2026 09:09:28,NP-2026-0960,Hà Thị Tình,0936791979,000400,NEWSTARHOMES,tinhland88@gmail.com,HỢP LỆ,lead_1791425368399_b2rbkg,rcpt_1791425368399_g4ad94
08/10/2026 09:09:34,NP-2026-0961,Nguyễn Xuân Hải,0901777791,100776,T&A,,HỢP LỆ,lead_1791425374152_8qw2ab,rcpt_1791425374152_m0d16i
08/10/2026 09:09:34,NP-2026-0962,Nguyễn Đặng Hoàng Phước,0938391932,002610,HOMEDAY,phuocndh23@gmail.com,HỢP LỆ,lead_1791425374946_08xjds,rcpt_1791425374946_h8kx3o
08/10/2026 09:09:40,NP-2026-0963,Nguyễn Thị Trang,0345135435,008818,NOVAZON,trang24122012@gmail.com,HỢP LỆ,lead_1791425380928_r50t36,rcpt_1791425380929_j2bdnm
08/10/2026 09:09:41,NP-2026-0964,Võ Huỳnh Tuấn Kiệt,0989298417,025921,CBRE,,HỢP LỆ,lead_1791425381687_nkk9cd,rcpt_1791425381687_qrbqn7
08/10/2026 09:09:44,NP-2026-0965,Dương Thu Chúc,0941482831,007189,PQR,thuchucduong@gmail.com,HỢP LỆ,lead_1791425384019_rx0o1e,rcpt_1791425384019_vjtpzk
08/10/2026 09:09:45,NP-2026-0966,Vũ Huệ,0938143973,008696,KHẢI MINH LAND,huevu.36996@gmqil.com,HỢP LỆ,lead_1791425385896_ir9jdq,rcpt_1791425385896_0rsfwa
08/10/2026 09:09:48,NP-2026-0967,Tran Thi Thuy Trang,0938373142,000272,SMARTLAND,,HỢP LỆ,lead_1791425388111_o7spys,rcpt_1791425388111_fhoyya
08/10/2026 09:09:50,NP-2026-0968,Đỗ Thuý Nguyên,0837741638,006503,PITALAND,nguyenthuyd0205@gmail.com,HỢP LỆ,lead_1791425390732_mytm2d,rcpt_1791425390732_5wtiv6
08/10/2026 09:09:52,NP-2026-0969,Nguyễn Văn Lợi,0899797973,013042,T&A,vloibds@gmail.com,HỢP LỆ,lead_1791425392921_whyfuf,rcpt_1791425392921_wyuo33
08/10/2026 09:09:53,NP-2026-0970,Lưu Thị Mỹ Linh,0909875753,001142,VIET NAM PROPERTY,Mylinhluu2017@gmail.com,HỢP LỆ,lead_1791425393000_8h0tp5,rcpt_1791425393000_4b8kh0
08/10/2026 09:09:57,NP-2026-0971,Hồ Tuấn Khanh,0888211011,026417,CBC,tuankhanh.property@gmail.com,HỢP LỆ,lead_1791425397293_st4p6t,rcpt_1791425397293_0q6o1k
08/10/2026 09:09:59,NP-2026-0972,Bùi Thuỷ,0906965286,001859,ERA,,HỢP LỆ,lead_1791425399005_5269gz,rcpt_1791425399005_a2pcun
08/10/2026 09:10:00,NP-2026-0973,NGUYỄN THỊ THU HIỀN,0387800696,012976,SMARTLAND,pynguyen2008@gmail.com,HỢP LỆ,lead_1791425400491_xmz5tt,rcpt_1791425400491_q44h7x
08/10/2026 09:10:04,NP-2026-0974,Võ Tuấn Khôi,0913150606,015987,IQI,,HỢP LỆ,lead_1791425404582_2i5xnh,rcpt_1791425404582_rtcil0
08/10/2026 09:10:05,NP-2026-0975,Nguyễn Thị Phương Thảo,0913827941,017268,SMARTLAND,phuongthao.nguyen@smartland.vn,HỢP LỆ,lead_1791425405217_s012ha,rcpt_1791425405217_h29zsx
08/10/2026 09:10:05,NP-2026-0976,PHẠM BẢO LONG,0933581444,016348,UNITY LAND,,HỢP LỆ,lead_1791425405793_6zzmup,rcpt_1791425405793_bdkrwq
08/10/2026 09:10:06,NP-2026-0977,Trần Thị Ánh,0938456113,025420,SMARTLAND,,HỢP LỆ,lead_1791425406587_5jbu7w,rcpt_1791425406587_vi9nid
08/10/2026 09:10:07,NP-2026-0978,Võ Thị Cẩm Tú,0933434307,009903,INDOCHINE,hoacamtu2004@gmail.com,HỢP LỆ,lead_1791425407713_vt0ag6,rcpt_1791425407713_4cb4fv
08/10/2026 09:10:08,NP-2026-0979,Nguyễn Bình Phương Diệu,0905494323,000005,INDOCHINE,dieunbp08.idc@gmail.com,HỢP LỆ,lead_1791425408065_sgbu3m,rcpt_1791425408065_sp1u7x
08/10/2026 09:10:13,NP-2026-0980,TRẦN HỮU HẢI,0907907794,019144,NOVAZON,huuhaibluehorizon@gmail.com,HỢP LỆ,lead_1791425413517_8i3hh4,rcpt_1791425413517_8keys2
08/10/2026 09:10:14,NP-2026-0981,Hồ Tấn Phát,0382817636,008138,KHẢI MINH LAND,,HỢP LỆ,lead_1791425414093_w6fbvr,rcpt_1791425414093_vc7kji
08/10/2026 09:10:21,NP-2026-0982,Hồ Phúc Hậu,0911439899,002862,SALEREAL,phuchausalereal@gmail.com,HỢP LỆ,lead_1791425421748_72v9ye,rcpt_1791425421748_dscc89
08/10/2026 09:10:22,NP-2026-0983,Phan Lê Nhật Duy,0988521341,000573,SMARTLAND,content13@smartland.vn,HỢP LỆ,lead_1791425422266_qh9l00,rcpt_1791425422266_enevoe
08/10/2026 09:10:24,NP-2026-0984,Nguyễn Ngọc Diễm Chi,0964822900,004634,SMARTLAND,diemchi.nguyen@smartland.vn,HỢP LỆ,lead_1791425424614_qyejju,rcpt_1791425424614_mwnvq4
08/10/2026 09:10:24,NP-2026-0985,Cao Nguyễn Thuý Duy,0909436369,009838,SMARTLAND,caoduy0bt@gmail.com,HỢP LỆ,lead_1791425424737_szf0yh,rcpt_1791425424737_zn4uph
08/10/2026 09:10:27,NP-2026-0986,Trương Văn An,0832950117,002834,UNITY LAND,anvan.gotowork@gmail.com,HỢP LỆ,lead_1791425427147_drsidl,rcpt_1791425427147_cb0xcb
08/10/2026 09:10:27,NP-2026-0987,Huỳnh Thị Ngọc Huyền,0399907646,012747,PQR,ngochuyen2912@gmail.com,HỢP LỆ,lead_1791425427553_u663uz,rcpt_1791425427553_kdljja
08/10/2026 09:10:33,NP-2026-0988,Võ Minh Thương,0902593824,014673,KHẢI MINH LAND,vominhthuong88@gmail.com,HỢP LỆ,lead_1791425433671_5nbxyg,rcpt_1791425433671_wv8383
08/10/2026 09:10:36,NP-2026-0989,Nguyễn Ái Duyên,0355194767,004006,NEWSTARHOMES,,HỢP LỆ,lead_1791425436655_enx7et,rcpt_1791425436655_omh2md
08/10/2026 09:10:41,NP-2026-0990,Đặng Anh Thương,0906686396,038666,NOVAZON,anhthuongbds8666@gmail.com,HỢP LỆ,lead_1791425441426_5oe3jv,rcpt_1791425441426_m25lv0
08/10/2026 09:10:43,NP-2026-0991,Bùi Phước Đức,0909639146,003336,ERA,ducphuocbui@gmail.com,HỢP LỆ,lead_1791425443695_nlisdv,rcpt_1791425443695_l29ipo
08/10/2026 09:10:44,NP-2026-0992,Trương Quốc Nam,0919398484,000860,DIAMOND LINKS,tqnam00@gmail.com,HỢP LỆ,lead_1791425444793_kudb5z,rcpt_1791425444793_0a0qna
08/10/2026 09:10:46,NP-2026-0993,Nguyễn Tri Phát,0343964754,007967,PITALAND,senzne24@gmail.com,HỢP LỆ,lead_1791425446806_jcrdwa,rcpt_1791425446806_hztbbl
08/10/2026 09:10:48,NP-2026-0994,Bùi Thị Cẩm Tú,0909427585,007450,NOVAZON,tubtc12@gmail.com,HỢP LỆ,lead_1791425448410_ecejye,rcpt_1791425448410_02yr5k
08/10/2026 09:10:48,NP-2026-0995,Phạm Thị Đào,0779492579,015239,MAINLAND,daopham051996@gmail.com,HỢP LỆ,lead_1791425448959_wb9eh2,rcpt_1791425448959_rzkdex
08/10/2026 09:10:53,NP-2026-0996,Lê Thanh Liêm,0909853393,000068,PQR,lethanhliem211094@gmail.com,HỢP LỆ,lead_1791425453863_iv3sd2,rcpt_1791425453863_kob6l7
08/10/2026 09:10:54,NP-2026-0997,Tô Thành Đạt,0934796899,005067,KZEN,thanhdat.propertysg@gmail.com,HỢP LỆ,lead_1791425454432_ovh5vf,rcpt_1791425454432_5isuea
08/10/2026 09:11:01,NP-2026-0998,Hồ Thị Tuyết Mai,0937687262,029483,DIAMOND LINKS,,HỢP LỆ,lead_1791425461801_hx7dan,rcpt_1791425461801_jksbyz
08/10/2026 09:11:03,NP-2026-0999,Nguyễn Thị Mỹ Hương,0906950809,004368,T&A,ntmmy2710@gmail.com,HỢP LỆ,lead_1791425463168_7e6vg6,rcpt_1791425463168_lw5wpk
08/10/2026 09:11:04,NP-2026-1000,Phùng Thành Sang,0918006692,031187,REVER,sangpt1@rever.vn,HỢP LỆ,lead_1791425464577_180qh5,rcpt_1791425464577_q48t7r
08/10/2026 09:11:05,NP-2026-1001,Nguyễn Hoàng Kỳ Duyên,0375467097,005265,CBC,nguyenhoangkyduyen19112004@gmail.com,HỢP LỆ,lead_1791425465686_v31vmu,rcpt_1791425465686_0k8k9g
08/10/2026 09:11:07,NP-2026-1002,Đinh Lộc Thành,0906899966,042985,GLOBAL HOMES,dinhlocthanh88@gmai.com,HỢP LỆ,lead_1791425467850_3w0n80,rcpt_1791425467850_gybum0
08/10/2026 09:11:12,NP-2026-1003,Nguyễn Võ Hải Duy,0838223878,000215,IQI,haiduyiqi1998@gmail.com,HỢP LỆ,lead_1791425472008_h86b5b,rcpt_1791425472008_b8iurj
08/10/2026 09:11:12,NP-2026-1004,TRẦN THỊ THU HƯƠNG,0935968413,003920,PQR,thutranhuong5856@gmail.com,HỢP LỆ,lead_1791425472799_9y7zww,rcpt_1791425472799_w3tt3b
08/10/2026 09:11:14,NP-2026-1005,Trần Nguyễn Như Quỳnh,0568617468,010826,SMARTLAND,quynhnguyennhutran@gmail.com,HỢP LỆ,lead_1791425474994_lx505g,rcpt_1791425474994_b2yv0s
08/10/2026 09:11:18,NP-2026-1006,Ngô Đình Duy,0327054910,003045,AVI REALTY,,HỢP LỆ,lead_1791425478064_xy059l,rcpt_1791425478064_r1tvrw
08/10/2026 09:11:24,NP-2026-1007,Nguyễn Thị Thanh Trúc,0353985911,000657,NOVAZON,fcthutruc@gmail.com,HỢP LỆ,lead_1791425484128_ykgyuh,rcpt_1791425484128_5bp00u
08/10/2026 09:11:34,NP-2026-1008,Phạm Anh Đức,0985467678,008109,ERA,ducfcc1705@gmail.com,HỢP LỆ,lead_1791425494273_6ymbbb,rcpt_1791425494273_drag9s
08/10/2026 09:11:38,NP-2026-1009,Đinh Thảo Nhi,0938345154,004062,TNP HOLDINGS,thaonhi.datnam@gmail.com,HỢP LỆ,lead_1791425498327_ih0d11,rcpt_1791425498327_ijfgh5
08/10/2026 09:11:42,NP-2026-1010,Nguyễn Thị Soa,0934091813,002407,GEMS LAND,nguyenthisoaqb@gmail.com,HỢP LỆ,lead_1791425502431_iv6nae,rcpt_1791425502431_s1ay2w
08/10/2026 09:11:42,NP-2026-1011,Huỳnh Văn Thắng,0903634814,015167,PITALAND,thanghv.pita@gmail.com,HỢP LỆ,lead_1791425502473_e7gk8s,rcpt_1791425502473_v6q7mf
08/10/2026 09:11:43,NP-2026-1012,Võ Thùy Dương,0909660850,010926,UNITY LAND,thuyduong8387@gmail.com,HỢP LỆ,lead_1791425503073_wfg965,rcpt_1791425503073_afz8gt
08/10/2026 09:11:44,NP-2026-1013,Lê Xuân Hùng,0906757276,002785,REVER,hunglx@rever.vn,HỢP LỆ,lead_1791425504725_8yr4aj,rcpt_1791425504725_k2l20o
08/10/2026 09:11:45,NP-2026-1014,Dương Hoàng Khang,0367864497,007604,TICA GROUP,duongkhangticaland@gmail.com,HỢP LỆ,lead_1791425505632_894h0v,rcpt_1791425505632_gz11bg
08/10/2026 09:11:46,NP-2026-1015,Đặng Quốc Cường,0932108261,000040,SMARTLAND,dqc.fam97@gmail.com,HỢP LỆ,lead_1791425506672_pimerp,rcpt_1791425506672_v024dz
08/10/2026 09:11:47,NP-2026-1016,Nguyễn Trường Thọ,0931915513,007235,SALEREAL,nguyentruongtho.vlm@gmail.com,HỢP LỆ,lead_1791425507178_u0v42s,rcpt_1791425507178_n2jeyi
08/10/2026 09:11:47,NP-2026-1017,Phạm Hải Đăng,0909200111,060094,MEGA REALTY,im.haidang51@gmail.com,HỢP LỆ,lead_1791425507516_vxhjjw,rcpt_1791425507516_h371p4
08/10/2026 09:11:52,NP-2026-1018,Trương Thanh Toàn,0934491486,007702,SALEREAL,thanhtoan.tdt@gmail.com,HỢP LỆ,lead_1791425512389_d0018u,rcpt_1791425512389_8djtlx
08/10/2026 09:11:53,NP-2026-1019,Đỗ Hà Hoàng Anh,0326669938,003015,KZEN,hoanganhdh.bds@gmail.com,HỢP LỆ,lead_1791425513393_hnqvb4,rcpt_1791425513393_06behl
08/10/2026 09:11:54,NP-2026-1020,Nguyễn Thị Thu Nhi,0964234860,006401,TICA GROUP,nguyenthunhi2002@gmail.com,HỢP LỆ,lead_1791425514168_ujtsdm,rcpt_1791425514168_5lbphd
08/10/2026 09:11:57,NP-2026-1021,Nguyễn Thị Mỹ Lệ,0965896779,003014,SMARTLAND,Kery1nguyen@gmail.com,HỢP LỆ,lead_1791425517349_ol9gvk,rcpt_1791425517349_kvagel
08/10/2026 09:12:01,NP-2026-1022,Nguyễn Thị Lam,0908199932,006662,SMARTLAND,nguyenlam32100@gmail.com,HỢP LỆ,lead_1791425521680_4oi5j1,rcpt_1791425521680_52i9hm
08/10/2026 09:12:04,NP-2026-1023,Nguyễn Nữ Tường Vi,0909145557,008945,REDCA,tuongvilavi@gmail.com,HỢP LỆ,lead_1791425524396_2axynn,rcpt_1791425524396_ol32ob
08/10/2026 09:12:05,NP-2026-1024,Đặng Thị Thu Thảo,0904750803,005806,VIET NAM PROPERTY,thaodang06122017@gmail.com,HỢP LỆ,lead_1791425525457_5vs0oi,rcpt_1791425525457_88020s
08/10/2026 09:12:08,NP-2026-1025,Lê Trọng Khiêm,0975397503,008173,SMARTLAND,letrongkhiem.buh@gmail.com,HỢP LỆ,lead_1791425528384_bm0vae,rcpt_1791425528384_tqw5au
08/10/2026 09:12:10,NP-2026-1026,Nguyễn Thị Hoài Thu,0965282246,015679,IQI,nguyenthihoaithu5895@gmail.com,HỢP LỆ,lead_1791425530307_jfzg72,rcpt_1791425530307_xqdltz
08/10/2026 09:12:11,NP-2026-1027,Nguyễn tấn long,0914085837,810077,KHẢI MINH LAND,,HỢP LỆ,lead_1791425531360_psr0cf,rcpt_1791425531360_jkw0bl
08/10/2026 09:12:14,NP-2026-1028,HUỲNH TẤN DŨNG,0931879352,014751,TICA GROUP,huynhtandung.tica@gmail.com,HỢP LỆ,lead_1791425534407_4btmzx,rcpt_1791425534407_7cjgm2
08/10/2026 09:12:14,NP-2026-1029,Nguyễn Thị Thuý,0364959597,010506,GLOBAL HOMES,nguyenthithuy280903@gmail.com,HỢP LỆ,lead_1791425534532_7rffo7,rcpt_1791425534532_zu88k8
08/10/2026 09:12:24,NP-2026-1030,Bùi Nguyệt Dung,0985054226,012915,NEWSTARHOMES,,HỢP LỆ,lead_1791425544459_ehebof,rcpt_1791425544459_1gkori
08/10/2026 09:12:28,NP-2026-1031,Lê Thị Thu Thảo,0906936832,010035,GLOBAL HOMES,,HỢP LỆ,lead_1791425548100_2ze7yj,rcpt_1791425548100_yy6lcq
08/10/2026 09:12:31,NP-2026-1032,Đỗ Thị Cúc Phương,0934068226,001610,SMARTLAND,,HỢP LỆ,lead_1791425551130_0ow562,rcpt_1791425551130_a5rllb
08/10/2026 09:12:34,NP-2026-1033,Nguyễn Thiên Long,0933393638,029860,GLOBAL HOMES,longpharaoh@gmail.com,HỢP LỆ,lead_1791425554550_f4oq0j,rcpt_1791425554550_7xkig3
08/10/2026 09:12:35,NP-2026-1034,Trần Hoài Thương,0938459385,000485,EMG,thuong240699@gmail.com,HỢP LỆ,lead_1791425555030_1qapxq,rcpt_1791425555030_u63orh
08/10/2026 09:12:38,NP-2026-1035,Phạm Văn Đương,0917687191,008975,T&A,nhatsinhhuy@gmail.com,HỢP LỆ,lead_1791425558343_sftxz6,rcpt_1791425558343_lpzqkd
08/10/2026 09:12:38,NP-2026-1036,Dương Thị Ngọc Hằng,0901328669,006862,DIAMOND LINKS,duongngochang82@gmail.com,HỢP LỆ,lead_1791425558823_rttppo,rcpt_1791425558823_fku68c
08/10/2026 09:12:39,NP-2026-1037,Nguyễn Xuân An,0586643275,009865,CBC,annguyen.33933@gmail.com,HỢP LỆ,lead_1791425559053_3gpetr,rcpt_1791425559053_dib42h
08/10/2026 09:12:39,NP-2026-1038,Nguyễn Đức Thành,0335192282,001440,SMARTLAND,nguyenducthanh200219@gmail.com,HỢP LỆ,lead_1791425559952_9q8dlc,rcpt_1791425559952_qaqjlg
08/10/2026 09:12:44,NP-2026-1039,Lê Thị Phước Trọng,0938609098,012120,AZHOMES,,HỢP LỆ,lead_1791425564702_6m77qx,rcpt_1791425564702_8i4klt
08/10/2026 09:12:46,NP-2026-1040,NGUYỄN THỊ THỦY,0968655035,004335,SMARTLAND,thuy.nguyen@smartrealtors.vn,HỢP LỆ,lead_1791425566884_f1pebj,rcpt_1791425566884_7m1013
08/10/2026 09:12:47,NP-2026-1041,Nguyễn Thị Kim Huệ,0338771967,000110,SGROUP,huekimpy78@gmail.com,HỢP LỆ,lead_1791425567596_h1r2d7,rcpt_1791425567596_vgxlr5
08/10/2026 09:12:49,NP-2026-1042,trần Thị Hồng khuyên,0908939234,000206,SMARTLAND,hongkhuyen.tran@smartland.vn,HỢP LỆ,lead_1791425569479_dvrkob,rcpt_1791425569479_qfz5xk
08/10/2026 09:12:50,NP-2026-1043,Nguyễn Tuấn Kiệt,0964598955,004527,DIAMOND LINKS,nguyenkiet@nhakimcuong.vn,HỢP LỆ,lead_1791425570134_fh6dza,rcpt_1791425570134_u5jndk
08/10/2026 09:12:50,NP-2026-1044,Hồ Lý Thái Dân,0988826939,009089,KZEN,holythaidan1999@gmail.com,HỢP LỆ,lead_1791425570757_766631,rcpt_1791425570757_qz3gjs
08/10/2026 09:12:53,NP-2026-1045,Hoàng Kim Thạch,0909857565,038231,SMARTLAND,kimthach.hoang@smartland.vn,HỢP LỆ,lead_1791425573330_8egk21,rcpt_1791425573330_wx77xe
08/10/2026 09:12:56,NP-2026-1046,Nguyễn Thị Duyên,0909868129,005740,KHẢI MINH LAND,ntduyen1890@gmail.com,HỢP LỆ,lead_1791425576893_5duv5s,rcpt_1791425576893_y9utt9
08/10/2026 09:13:00,NP-2026-1047,Thái Cẩm Hà,0937977883,031422,GLOBAL HOMES,,HỢP LỆ,lead_1791425580797_chi4yn,rcpt_1791425580797_egxeey
08/10/2026 09:13:05,NP-2026-1048,Thanh Ngân,0902989932,197460,SAVILLS,httn.2409@gmail.com,HỢP LỆ,lead_1791425585035_7pjdhq,rcpt_1791425585035_8o5i62
08/10/2026 09:13:14,NP-2026-1049,BÙI THỊ HỒNG NGỌC,0971569992,015031,NOVAZON,ngoc.bui@novazon.vn,HỢP LỆ,lead_1791425594372_e9gbey,rcpt_1791425594372_lwjy05
08/10/2026 09:13:14,NP-2026-1050,Nguyễn Minh Trí,0938799523,011640,MAINLAND,,HỢP LỆ,lead_1791425594425_zpd3ut,rcpt_1791425594425_v9bx2l
08/10/2026 09:13:16,NP-2026-1051,Vũ Thị Kim Phúc,0908099189,016030,SMARTLAND,vukimphuc90@gmail.com,HỢP LỆ,lead_1791425596840_9pmqy3,rcpt_1791425596840_7b9ecp
08/10/2026 09:13:19,NP-2026-1052,Nguyễn Thị Mỹ Duyên,0342696907,008206,MAINLAND,,HỢP LỆ,lead_1791425599436_d7tvyw,rcpt_1791425599436_i6rr2u
08/10/2026 09:13:19,NP-2026-1053,Hoàng Tiến Dũng,0933389058,006153,VIET NAM PROPERTY,tiendung13391@gmail.com,HỢP LỆ,lead_1791425599607_10zhmv,rcpt_1791425599607_v41o9w
08/10/2026 09:13:23,NP-2026-1054,Nguyễn Khánh Ngọc,0898017278,016150,NEWSTARHOMES,ngocnk1301@gmail.com,HỢP LỆ,lead_1791425603350_mkuo9j,rcpt_1791425603350_oa1pds
08/10/2026 09:13:24,NP-2026-1055,Cao Thị Ánh Linh,0369323047,003077,HOMEDAY,anhlinhhh399@gmail.com,HỢP LỆ,lead_1791425604753_diyzwl,rcpt_1791425604753_pw1iol
08/10/2026 09:13:28,NP-2026-1056,Nguyễn Hữu Thuận,0903090243,010873,GLOBAL HOMES,vanphongkhanhhoi@gmail.com,HỢP LỆ,lead_1791425608304_1tfv80,rcpt_1791425608304_7mmax6
08/10/2026 09:13:28,NP-2026-1057,Nguyễn Trần Thanh Trúc,0765701403,000017,REVER,,HỢP LỆ,lead_1791425608595_xqzwrg,rcpt_1791425608595_namiqn
08/10/2026 09:13:28,NP-2026-1058,Nguyễn Bá Dương,0933058266,009135,PQR,baduong.richland@gmail.com,HỢP LỆ,lead_1791425608634_dqadck,rcpt_1791425608634_pzbxwc
08/10/2026 09:13:29,NP-2026-1059,Huỳnh Đức Kha,0902310108,011629,REVER,khahuynh.leader@gmail.com,HỢP LỆ,lead_1791425609495_wz8dg9,rcpt_1791425609495_wa3s84
08/10/2026 09:13:33,NP-2026-1060,Huỳnh Thuý Phương,0788622267,002887,VIET NAM PROPERTY,ph42216@gmail.com,HỢP LỆ,lead_1791425613014_pjy39a,rcpt_1791425613014_3x8hph
08/10/2026 09:13:34,NP-2026-1061,Nguyễn Văn Trường Vũ,0334821355,003597,NEWSTARHOMES,vunguyen0334821355@gmail.com,HỢP LỆ,lead_1791425614190_vqvk1c,rcpt_1791425614190_iaqhzj
08/10/2026 09:13:48,NP-2026-1062,TRẦN HOÀNG THUỶ TIÊN,0862204465,018297,GLOBAL HOMES,tien.tranhoangthuy2303@gpcorp.com.vn,HỢP LỆ,lead_1791425628585_0xd5ne,rcpt_1791425628585_lnp1br
08/10/2026 09:13:50,NP-2026-1063,Nguyễn Ngọc Khánh,0917336200,015246,UNITY LAND,ngockhanhnhadat@gmail.com,HỢP LỆ,lead_1791425630532_cq43kn,rcpt_1791425630532_iypac8
08/10/2026 09:13:53,NP-2026-1064,Ngô Quốc Quý,0905549507,015589,SMARTLAND,quocquy.ngo@smartland.vn,HỢP LỆ,lead_1791425633286_qiokrf,rcpt_1791425633286_fixthe
08/10/2026 09:13:56,NP-2026-1065,Phạm Đỗ Cao Thắng,0879308477,001219,KZEN,,HỢP LỆ,lead_1791425636706_wog4oy,rcpt_1791425636706_1bw143
08/10/2026 09:13:59,NP-2026-1066,Xà Minh Tài,0933020191,019656,AZHOMES,xaminhtai@gmail.com,HỢP LỆ,lead_1791425639249_ebjhoo,rcpt_1791425639249_44oz8l
08/10/2026 09:13:59,NP-2026-1067,Nguyễn Trúc Linh,0901886258,017426,VIỆT NAM LAND,nguyenlinhbds67@gmail.com,HỢP LỆ,lead_1791425639432_mjs7dj,rcpt_1791425639432_ydpjup
08/10/2026 09:14:10,NP-2026-1068,Phạm Thị Thuỷ Tiên,0931281759,021173,SALEREAL,tienpham.1994tb@gmail.com,HỢP LỆ,lead_1791425650730_xf8q5p,rcpt_1791425650730_d6v36a
08/10/2026 09:14:12,NP-2026-1069,Phan Đình Minh Tú,0916265179,032667,SMARTLAND,phandinhminhtu.01@gnail.com,HỢP LỆ,lead_1791425652243_i2cr2u,rcpt_1791425652243_nrir8b
08/10/2026 09:14:14,NP-2026-1070,Tạ Thành Sơn,0383692879,006655,SMARTLAND,,HỢP LỆ,lead_1791425654904_5ry0yk,rcpt_1791425654904_pvh80d
08/10/2026 09:14:17,NP-2026-1071,Cao Hoàng Hoa,0966197177,009214,SMARTLAND,caohoanghoa933@gmail.com,HỢP LỆ,lead_1791425657602_b5mitx,rcpt_1791425657602_qoy0al
08/10/2026 09:14:30,NP-2026-1072,Tran Vinh Phi Long,0938010898,004139,ERA,long.tran@era.com.vn,HỢP LỆ,lead_1791425670163_tf70he,rcpt_1791425670163_6ieyax
08/10/2026 09:14:37,NP-2026-1073,Đinh Hương,0968943188,007929,NOVAZON,huongdinhlg@gmail.com,HỢP LỆ,lead_1791425677606_g441h6,rcpt_1791425677606_ijseat
08/10/2026 09:14:38,NP-2026-1074,Trần Khánh Vân,0933507788,507788,GLOBAL HOMES,khanhvantranbds@gmail.com,HỢP LỆ,lead_1791425678078_hp3dkg,rcpt_1791425678078_ekm15r
08/10/2026 09:14:39,NP-2026-1075,Trần Văn Thành,0964313567,001878,SALEREAL,lee0964313567@gmail.com,HỢP LỆ,lead_1791425679130_sbojgn,rcpt_1791425679130_m1erzn
08/10/2026 09:14:47,NP-2026-1076,Nguyễn Thị Thanh Bắc,0963579977,000193,NEWSTARHOMES,,HỢP LỆ,lead_1791425687891_fhx2kl,rcpt_1791425687891_klqchh
08/10/2026 09:14:59,NP-2026-1077,Nguyễn Trường Ngọc Hiển,0909836997,001734,PQR,ngochien.richlandvn@gmail.com,HỢP LỆ,lead_1791425699709_u847kb,rcpt_1791425699709_re803e
08/10/2026 09:15:02,NP-2026-1078,Nguyễn Hoàng Long,0906717528,079200,DIAMOND LINKS,longhoangnkc@gmail.com,HỢP LỆ,lead_1791425702028_42jdlt,rcpt_1791425702028_5qtnb9
08/10/2026 09:15:06,NP-2026-1079,Tô Anh Tuấn,0902519786,021400,BAM LAND,anhtuanland09@gmail.com,HỢP LỆ,lead_1791425706486_unaqpi,rcpt_1791425706486_pcghf3
08/10/2026 09:15:07,NP-2026-1080,Trương Quốc Nam,0389105497,083200,DIAMOND LINKS,tnhuy.sv4@gmail.com,HỢP LỆ,lead_1791425707252_asg5ms,rcpt_1791425707252_wp6n4w
08/10/2026 09:15:10,NP-2026-1081,Nguyễn Thị Cẩm Loab,0901776254,006281,MAINLAND,ntcloan17@gmail.com,HỢP LỆ,lead_1791425710246_w8ii08,rcpt_1791425710246_r61tej
08/10/2026 09:15:12,NP-2026-1082,Võ Quốc Việt,0903716540,013943,UNITY LAND,vqvquocviet@gmail.com,HỢP LỆ,lead_1791425712136_vg27rg,rcpt_1791425712136_huuljp
08/10/2026 09:15:13,NP-2026-1083,Nguyễn Phạm Phương Duy,0934007444,041462,DIAMOND LINKS,duy.nguyen171308@gmail.com,HỢP LỆ,lead_1791425713296_oomaxj,rcpt_1791425713296_rkxpmb
08/10/2026 09:15:13,NP-2026-1084,Nguyễn Văn Phước,0763196867,012689,VIET NAM PROPERTY,nguyenphuoc.nvp@gmail.com,HỢP LỆ,lead_1791425713374_jylidh,rcpt_1791425713374_0pli9y
08/10/2026 09:15:20,NP-2026-1085,Lê Bá Phú Quí,0909533203,008996,PQR,quile.190795@gmail.com,HỢP LỆ,lead_1791425720529_7jd2t2,rcpt_1791425720529_rxestv
08/10/2026 09:15:31,NP-2026-1086,Nguyễn Phú,0989679817,001478,VIET NAM PROPERTY,,HỢP LỆ,lead_1791425731733_s12sfr,rcpt_1791425731733_u8xxb0
08/10/2026 09:15:34,NP-2026-1087,Nguyễn Thị Thuỷ Tiên,0931158598,004202,VIET NAM PROPERTY,nguyenthithuytien30081998@gmail.com,HỢP LỆ,lead_1791425734362_ytutkt,rcpt_1791425734362_1c9fkt
08/10/2026 09:15:35,NP-2026-1088,Phí Hoàng Long,0922015527,001968,NOVAZON,,HỢP LỆ,lead_1791425735507_0jnkj0,rcpt_1791425735507_8iyaq2
08/10/2026 09:15:41,NP-2026-1089,Nguyễn Thị Hồng Hoa,0903135239,009602,UNITY LAND,hoanth1708@gmail.com,HỢP LỆ,lead_1791425741220_i2q0q9,rcpt_1791425741220_s3nyod
08/10/2026 09:15:44,NP-2026-1090,Huỳnh thị quỳnh nhiên,0938282876,000456,SALEREAL,nhienhuynh1509@gmail.com,HỢP LỆ,lead_1791425744164_4h7eia,rcpt_1791425744164_1tmhow
08/10/2026 09:15:48,NP-2026-1091,Lưu Tấn Trí,0932421534,015619,PITALAND,tantri5510@gmail.com,HỢP LỆ,lead_1791425748319_iuyjkk,rcpt_1791425748319_989p8v
08/10/2026 09:15:53,NP-2026-1092,Bùi phương dung,0969976916,004173,SMARTLAND,,HỢP LỆ,lead_1791425753741_cv0vql,rcpt_1791425753741_d9wltl
08/10/2026 09:15:54,NP-2026-1093,Lê thị ngoan,0888266898,052171,NOVAZON,lengoan8590@gmail.com,HỢP LỆ,lead_1791425754176_ym1xs5,rcpt_1791425754176_zox7oa
08/10/2026 09:15:56,NP-2026-1094,Nguyễn Huy,0908899592,008476,KHẢI MINH LAND,nguyenhuy201289@gmail.com,HỢP LỆ,lead_1791425756237_731pgd,rcpt_1791425756237_ru78r5
08/10/2026 09:16:01,NP-2026-1095,Đỗ Thị Thanh Tâm,0704654078,000170,SMARTLAND,thanhtampeony@gmail.com,HỢP LỆ,lead_1791425761584_ufmkq2,rcpt_1791425761584_45mq9v
08/10/2026 09:16:02,NP-2026-1096,Đỗ Thị Minh Ngọc,0707585903,001848,PITALAND,dtngocminh971@gmail.com,HỢP LỆ,lead_1791425762237_3v57ys,rcpt_1791425762237_pgcozy
08/10/2026 09:16:03,NP-2026-1097,LA THỊ THẮM,0327701677,008880,AN KHANG HOMES,,HỢP LỆ,lead_1791425763341_afmbms,rcpt_1791425763341_uqorpf
08/10/2026 09:16:09,NP-2026-1098,Nguyễn Thị Hoài Phương,0909996791,015154,KHẢI MINH LAND,hoaiphuong909@gmail.com,HỢP LỆ,lead_1791425769198_oy39la,rcpt_1791425769198_p3p2bt
08/10/2026 09:16:27,NP-2026-1099,Phạm Trần Thế Minh,0909411822,012629,VIET NAM PROPERTY,minhpham.vietnamproperty@gmail.com,HỢP LỆ,lead_1791425787186_ctpx6f,rcpt_1791425787186_s7pqq4
08/10/2026 09:16:31,NP-2026-1100,NGUYỄN NGỌC THANH THẢO,0904086395,015243,VIỆT NAM LAND,nguyenngocthanhthao2711@gmail.com,HỢP LỆ,lead_1791425791872_i6aley,rcpt_1791425791872_ubpo40
08/10/2026 09:16:35,NP-2026-1101,Nguyễn Thị Cẩm Tú,0338200082,003013,IQI,camtu.ngthi06@gmail.com,HỢP LỆ,lead_1791425795538_8pa7f3,rcpt_1791425795538_neids4
08/10/2026 09:16:44,NP-2026-1102,Lê Đăng Khoa,0989889582,005632,ERA,,HỢP LỆ,lead_1791425804264_o38iwh,rcpt_1791425804264_dect4y
08/10/2026 09:16:51,NP-2026-1103,Trương Minh Duy,0917509972,002796,NOVAZON,,HỢP LỆ,lead_1791425811970_apw3t9,rcpt_1791425811970_apuxw9
08/10/2026 09:16:57,NP-2026-1104,Đặng Văn Hùng,0901840059,004740,NOVAZON,hungbdssg@gmail.com,HỢP LỆ,lead_1791425817883_bpof1l,rcpt_1791425817883_mf8yvn
08/10/2026 09:16:59,NP-2026-1105,Trần Võ Thanh Phong,0966648439,008324,SGI,tranvothanhphong@gmail.com,HỢP LỆ,lead_1791425819001_dwllvm,rcpt_1791425819001_lh0wmq
08/10/2026 09:17:02,NP-2026-1106,Nguyễn Chí Thành,0904567178,000251,VIỆT NAM LAND,khoaimi2027@gmail.com,HỢP LỆ,lead_1791425822109_w9ad40,rcpt_1791425822109_wyj5i7
08/10/2026 09:17:02,NP-2026-1107,Huỳnh thị quỳnh nhiên,0938282876,000453,SALEREAL,nhienhuynh1509@gmail.com,HỢP LỆ,lead_1791425822928_7h1z4p,rcpt_1791425822928_hh6etc
08/10/2026 09:17:03,NP-2026-1108,Cao Minh Cát Tường,0377361050,012677,TNP HOLDINGS,cattuong0147@gmail.com,HỢP LỆ,lead_1791425823241_7ts2l1,rcpt_1791425823241_y6o18v
08/10/2026 09:17:08,NP-2026-1109,Nguyễn Việt Hải Long,0931895958,035150,MAINLAND,saigongoldland.958@gmail.com,HỢP LỆ,lead_1791425828935_f1iroy,rcpt_1791425828935_o9rq21
08/10/2026 09:17:10,NP-2026-1110,Nguyễn Dương Cẩm Tú,0896621499,087199,IQI,duongcamtu21172@gmail.com,HỢP LỆ,lead_1791425830062_0uqvoz,rcpt_1791425830062_330hf5
08/10/2026 09:17:10,NP-2026-1111,NGUYỄN DƯƠNG HOÀNG QUỐC VIỆT,0355585995,041217,NOVAZON,,HỢP LỆ,lead_1791425830707_9uajqw,rcpt_1791425830707_6yvu78
08/10/2026 09:17:11,NP-2026-1112,Phạm Quốc Tuấn,0907419779,028947,AN KHANG HOMES,tuanbibas123@gmail.com,HỢP LỆ,lead_1791425831074_3ubovo,rcpt_1791425831074_a6jiv1
08/10/2026 09:17:15,NP-2026-1113,Lê Vũ Trường Khang,0777111148,005404,AN KHANG HOMES,truongkhangakr@gmail.con,HỢP LỆ,lead_1791425835168_2qprqu,rcpt_1791425835168_wqnmm6
08/10/2026 09:17:15,NP-2026-1114,Nguyễn Diệu Linh,0968869719,012146,NOVAZON,dieulinh.9127@gmail.com,HỢP LỆ,lead_1791425835905_jjcllf,rcpt_1791425835905_ska375
08/10/2026 09:17:18,NP-2026-1115,Nguyễn Thị Mỹ Tiên,0817559953,009489,CBC,betien40404@gmail.com,HỢP LỆ,lead_1791425838173_lusjuj,rcpt_1791425838173_f35osn
08/10/2026 09:17:18,NP-2026-1116,Nguyễn Thị Hạnh,0901894754,043203,T&A,sonca0215@gmail.com,HỢP LỆ,lead_1791425838268_rmcjpi,rcpt_1791425838268_zvlzuh
08/10/2026 09:17:19,NP-2026-1117,Nguyễn Hồng Tố Nguyên,0865998258,015617,KHẢI MINH LAND,,HỢP LỆ,lead_1791425839816_aqid2d,rcpt_1791425839816_28go5u
08/10/2026 09:17:23,NP-2026-1118,Cao Văn Thiện,0986549471,004941,CBC,,HỢP LỆ,lead_1791425843693_4jilp0,rcpt_1791425843693_efanq6
08/10/2026 09:17:26,NP-2026-1119,Lê sơn,0901553188,013627,VIET NAM PROPERTY,leson.kinhdoanhbds@gmail.com,HỢP LỆ,lead_1791425846002_yfiudv,rcpt_1791425846002_zwlhpl
08/10/2026 09:17:26,NP-2026-1120,Nguyễn công tuấn,0908050318,011880,CBC,tuannguyen.tlm@gmail.com,HỢP LỆ,lead_1791425846145_8xmi63,rcpt_1791425846145_vcw4k2
08/10/2026 09:17:26,NP-2026-1121,Tạ Thị Mai Hương,0909945183,300724,REDCA,maihuongf7@gmail.com,HỢP LỆ,lead_1791425846710_p3wzcf,rcpt_1791425846710_r7urtf
08/10/2026 09:17:28,NP-2026-1122,Đặng Khắc Long,0986575088,860151,NOVAZON,long.dang@novazon.vn,HỢP LỆ,lead_1791425848048_87zy4k,rcpt_1791425848048_oof8we
08/10/2026 09:17:29,NP-2026-1123,Đinh Thị Bích Phương,0933728987,003862,REVER,phuongdtb1@rever.vn,HỢP LỆ,lead_1791425849879_so22v1,rcpt_1791425849879_7e97uu
08/10/2026 09:17:32,NP-2026-1124,NGUYỄN Anh Vy,0964580190,007945,ĐẤT XANH,anhvy.nguyen1310@gmail.com,HỢP LỆ,lead_1791425852029_529y0c,rcpt_1791425852029_i8nbr5
08/10/2026 09:17:34,NP-2026-1125,Lê Thanh Tùng,0909928096,013734,MAINLAND,thanhtungxeng242@gmail.com,HỢP LỆ,lead_1791425854310_jbsi3d,rcpt_1791425854310_hm8cyt
08/10/2026 09:17:34,NP-2026-1126,Huỳnh Thị Thanh Thảo,0966233784,011516,TICA GROUP,hthao7800@gmail.com,HỢP LỆ,lead_1791425854427_81s2xu,rcpt_1791425854427_t24lgo
08/10/2026 09:17:35,NP-2026-1127,Ngô Quốc Dũng,0389711316,006305,AN KHANG HOMES,ngoquocdungloveyou@gmail.com,HỢP LỆ,lead_1791425855189_3ecspv,rcpt_1791425855189_xghmq5
08/10/2026 09:17:36,NP-2026-1128,Đinh Thiện Mẫn,0867811516,007806,REDCA,dinhthienman@gmail.com,HỢP LỆ,lead_1791425856684_1rvuz6,rcpt_1791425856684_ix8ogx
08/10/2026 09:17:36,NP-2026-1129,Phạm Vân Anh,0983468204,010583,SALEREAL,phamvananh.matilda@gmail.com,HỢP LỆ,lead_1791425856734_2mluep,rcpt_1791425856734_48akpx
08/10/2026 09:17:40,NP-2026-1130,Bùi Thị Ánh Hằng,0706200009,004220,PQR,anhhang1010@gmail.com,HỢP LỆ,lead_1791425860683_20eygc,rcpt_1791425860683_e1boqj
08/10/2026 09:17:40,NP-2026-1131,Trần Thị Kim Yến,0909428332,032260,GLOBAL HOLDING,yenttk.0502@gmail.com,HỢP LỆ,lead_1791425860724_ehpa71,rcpt_1791425860724_90pkai
08/10/2026 09:17:41,NP-2026-1132,Nguyễn Thị Hương Giang,0342462988,026783,GLOBAL HOLDING,huonggiang098998@gmail.com,HỢP LỆ,lead_1791425861145_a36x5w,rcpt_1791425861145_20r6cs
08/10/2026 09:17:41,NP-2026-1133,Trương Nguyễn Hải Yến,0766236968,034484,AZHOMES,,HỢP LỆ,lead_1791425861389_hyhn19,rcpt_1791425861389_ac9edz
08/10/2026 09:17:41,NP-2026-1134,Hồ Thị Diểm Châu,0911088287,000891,AN KHANG HOMES,chau.hothidiem@gmail.com,HỢP LỆ,lead_1791425861568_xrwjoc,rcpt_1791425861568_6uee2r
08/10/2026 09:17:41,NP-2026-1135,Trần Minh Tú Quyên,0839579959,014730,AN KHANG HOMES,,HỢP LỆ,lead_1791425861607_e8ijf8,rcpt_1791425861607_4zcd98
08/10/2026 09:17:43,NP-2026-1136,hoàng thị vân anh,0982516730,002728,SALEREAL,,HỢP LỆ,lead_1791425863245_gmv8q3,rcpt_1791425863245_k1kfox
08/10/2026 09:17:43,NP-2026-1137,Lê thị kim Hương,0903124589,010040,VIET NAM PROPERTY,kimhuongbds@gmail.com,HỢP LỆ,lead_1791425863290_b2xvvw,rcpt_1791425863290_afso7x
08/10/2026 09:17:44,NP-2026-1138,Hoàng Ngọc Quân,0902345516,002593,AN KHANG HOMES,hoanquanrealty@gmail.com,HỢP LỆ,lead_1791425864092_zzmk90,rcpt_1791425864092_k556ly
08/10/2026 09:17:45,NP-2026-1139,Hoàng Kim Minh Tuân,0943905334,000792,GLOBAL HOLDING,th79086@gmail.com,HỢP LỆ,lead_1791425865374_eewepi,rcpt_1791425865374_eesa8h
08/10/2026 09:17:46,NP-2026-1140,Phạm Thu Hà,0944669676,004543,NEWSTARHOMES,hapt1990@gmail.com,HỢP LỆ,lead_1791425866060_utmt5j,rcpt_1791425866060_u8omn6
08/10/2026 09:17:47,NP-2026-1141,Quách Hoàng Anh,0938694914,014537,SMARTLAND,hoanganh.quach@smartland.vn,HỢP LỆ,lead_1791425867939_rguakv,rcpt_1791425867939_7oxrmv
08/10/2026 09:17:47,NP-2026-1142,Nguyễn Ngọc Linh,0909943652,015677,AZHOMES,ngoclinhbds3@gmail.com,HỢP LỆ,lead_1791425867968_x3ceuh,rcpt_1791425867968_c8xa0q
08/10/2026 09:17:50,NP-2026-1143,Trương Thị Thái Trân,0857752475,001106,GLOBAL HOLDING,thaitran050206@gmail.com,HỢP LỆ,lead_1791425870410_isr32n,rcpt_1791425870410_5keex7
08/10/2026 09:17:50,NP-2026-1144,LÊ THỊ THẢO,0931411252,001729,CHÂU ĐẠI DƯƠNG,,HỢP LỆ,lead_1791425870662_4c5n07,rcpt_1791425870662_9n5fxt
08/10/2026 09:17:50,NP-2026-1145,Hà Thị Diễm Thu,0867123351,002750,GLOBAL HOMES,hathidiemthu.@gmail.com,HỢP LỆ,lead_1791425870926_3q1460,rcpt_1791425870926_377ngr
08/10/2026 09:17:52,NP-2026-1146,Phạm Thanh Tú,0915894345,013629,ANPHAHOUSE,phamtu0390@gmail.com,HỢP LỆ,lead_1791425872961_3zlqit,rcpt_1791425872961_ryoyo6
08/10/2026 09:17:57,NP-2026-1147,Trần Thị Thuỳ Dung,0933166006,015952,KZEN,tranthuydung6767@gmail.com,HỢP LỆ,lead_1791425877078_53yy44,rcpt_1791425877078_pod3fn
08/10/2026 09:17:57,NP-2026-1148,Hồ Thị Ánh Tuyết,0904364227,000401,T&A,anhtuyet.real22@gmail.com,HỢP LỆ,lead_1791425877155_xl85gh,rcpt_1791425877155_ng2z0o
08/10/2026 09:18:02,NP-2026-1149,Trần Thanh Tuấn,0944113339,025936,TICA GROUP,,HỢP LỆ,lead_1791425882276_5xff91,rcpt_1791425882276_b3u3ei
08/10/2026 09:18:02,NP-2026-1150,Nguyễn Minh Kiệt,0909330271,008582,GLOBAL HOMES,kiet.americandoors@gmail.com,HỢP LỆ,lead_1791425882828_wuvzde,rcpt_1791425882828_40kn9v
08/10/2026 09:18:05,NP-2026-1151,Lưu Hoàng Trí,0988524466,052092,SMARTLAND,hoangtri.luu@smartland.vn,HỢP LỆ,lead_1791425885919_ys3ou3,rcpt_1791425885919_mmarxy
08/10/2026 09:18:07,NP-2026-1152,Quách Hoàng Dương,0933053579,003032,CHÂU ĐẠI DƯƠNG,duong.quachhoang@cddland.vn,HỢP LỆ,lead_1791425887185_jb7wlg,rcpt_1791425887185_lh17i4
08/10/2026 09:18:07,NP-2026-1153,Vân Anh,0345946827,002066,REDCA,ltvananh0112@gmail.com,HỢP LỆ,lead_1791425887406_zqefr8,rcpt_1791425887406_f77226
08/10/2026 09:18:08,NP-2026-1154,Đặng Hoàng Anh,0941330303,014813,INDOCHINE,danghoanganh770@gmail.com,HỢP LỆ,lead_1791425888572_webgj4,rcpt_1791425888572_1ewxq2
08/10/2026 09:18:09,NP-2026-1155,Trần Hoàng Thảo,0934133649,036714,AZHOMES,hoangthaotran1003@gmail.com,HỢP LỆ,lead_1791425889625_fhr0kx,rcpt_1791425889625_y36nxf
08/10/2026 09:18:12,NP-2026-1156,Nguyễn Lê Thanh Toàn,0903130494,034648,T&A,alexnguyen6596@gmail.com,HỢP LỆ,lead_1791425892337_hchq0o,rcpt_1791425892337_camgda
08/10/2026 09:18:13,NP-2026-1157,Hồ Đậu Phương Trinh,0906967267,001158,EMG,,HỢP LỆ,lead_1791425893059_fp11kl,rcpt_1791425893059_djp0ch
08/10/2026 09:18:14,NP-2026-1158,Nguyễn Hoàng Nhật Trí,0373345864,021208,AN KHANG HOMES,japantri777@gmail.com,HỢP LỆ,lead_1791425894872_3cjqfd,rcpt_1791425894872_1glue8
08/10/2026 09:18:14,NP-2026-1159,Nguyễn Thị Trâm,0362241751,001825,AZHOMES,,HỢP LỆ,lead_1791425894927_sl3t8o,rcpt_1791425894927_0365sb
08/10/2026 09:18:15,NP-2026-1160,Nguyễn Hữu Bảo,0906894108,009331,BAM LAND,,HỢP LỆ,lead_1791425895667_158ot4,rcpt_1791425895667_p8xizd
08/10/2026 09:18:15,NP-2026-1161,Trương Nguyễn Anh Thư,0359999379,017922,GEMS LAND,,HỢP LỆ,lead_1791425895706_spzyx3,rcpt_1791425895706_4wxaae
08/10/2026 09:18:19,NP-2026-1162,PHAN THỊ NHỚ,0357718588,010325,SMARTLAND,phannnho8588@gmail.com,HỢP LỆ,lead_1791425899224_ovgfl5,rcpt_1791425899224_1c6vd3
08/10/2026 09:18:19,NP-2026-1163,Lê Thị Hồng Duyên,0908444553,000126,AN KHANG HOMES,hongduyen15081995@gmail.com,HỢP LỆ,lead_1791425899960_0an0hx,rcpt_1791425899960_77lfav
08/10/2026 09:18:24,NP-2026-1164,Trần Trung Quốc,0973324442,014597,T&A,,HỢP LỆ,lead_1791425904066_hmavu4,rcpt_1791425904066_mwuevt
08/10/2026 09:18:25,NP-2026-1165,Đinh Thị Mỹ Dung,0949285913,001287,VIỆT NAM LAND,dinhthimydung2011@gmail.com,HỢP LỆ,lead_1791425905685_rx376p,rcpt_1791425905685_8rabj7
08/10/2026 09:18:25,NP-2026-1166,Bui Duong Thach Thao,0989985363,005018,BAM LAND,,HỢP LỆ,lead_1791425905741_m7u5mh,rcpt_1791425905741_nok07p
08/10/2026 09:18:27,NP-2026-1167,Tran Thi My Quyen,0353997004,000905,AZHOMES,tranthimyquyen040701@gmail.com,HỢP LỆ,lead_1791425907687_u1h373,rcpt_1791425907687_dswid1
08/10/2026 09:18:27,NP-2026-1168,Đỗ Thị Quỳnh Như,0906787403,016935,VIET NAM PROPERTY,nhudothihuynh@gmail.com,HỢP LỆ,lead_1791425907784_6g9p8h,rcpt_1791425907784_bz67a0
08/10/2026 09:18:27,NP-2026-1169,Trần Thuý Hà,0933403679,077191,T&A,hatranvt.7290@gmail.com,HỢP LỆ,lead_1791425907887_nv658k,rcpt_1791425907887_4xr0ea
08/10/2026 09:18:28,NP-2026-1170,Nguyễn Gia Phả,0815318649,002819,ERA,,HỢP LỆ,lead_1791425908360_8lmnjc,rcpt_1791425908360_mp7laf
08/10/2026 09:18:29,NP-2026-1171,Nguyễn Quốc Bình,0387424525,004511,HOMEDAY,briann2405@gmail.com,HỢP LỆ,lead_1791425909654_jnrcrr,rcpt_1791425909654_vpy5z7
08/10/2026 09:18:32,NP-2026-1172,Nguyễn Thị Thảo Uyên,0939585435,008850,LT LUXURY,,HỢP LỆ,lead_1791425912140_e2vbbf,rcpt_1791425912140_qz82wt
08/10/2026 09:18:33,NP-2026-1173,Nguyễn Thị Ngân,0909901666,010633,NOVAZON,ngannguyen.sunreal@gmail.com,HỢP LỆ,lead_1791425913485_rff0jz,rcpt_1791425913485_dyljoq
08/10/2026 09:18:37,NP-2026-1174,Lê Thị Quỳnh Giao,0903620423,005292,GLOBAL HOMES,quynhgiaole89@gmail.com,HỢP LỆ,lead_1791425917382_rs4lzt,rcpt_1791425917383_85frnf
08/10/2026 09:18:40,NP-2026-1175,Lê Nhật Triết,0786312862,014732,T&A,nhattriet.qn@gmail.com,HỢP LỆ,lead_1791425920932_ek019o,rcpt_1791425920932_kltsws
08/10/2026 09:18:40,NP-2026-1176,Nguyễn Ngọc Gia Minh,0943324277,016028,LT LUXURY,nngiaminh102@gmail.com,HỢP LỆ,lead_1791425920991_s4oxj1,rcpt_1791425920991_lrpq4m
08/10/2026 09:18:41,NP-2026-1177,Nguyễn Công Chiến,0901841195,002705,REVER,chiennc@rever.vn,HỢP LỆ,lead_1791425921032_lcf2z1,rcpt_1791425921032_iut9cj
08/10/2026 09:18:47,NP-2026-1178,Dương Long Nhật,0799956989,003114,INDOCHINE,Otisduongofficial@gmail.com,HỢP LỆ,lead_1791425927491_21k1qt,rcpt_1791425927491_a6sswu
08/10/2026 09:18:47,NP-2026-1179,Nguyễn Minh Triết,0972069022,009738,LT LUXURY,nmtmymy2508@gmail.com,HỢP LỆ,lead_1791425927747_00ot29,rcpt_1791425927747_wue82e
08/10/2026 09:18:59,NP-2026-1180,Đỗ minh Hùng,0938944094,000330,INDOCHINE,dominhhung1709@gmail.com,HỢP LỆ,lead_1791425939362_w8y1zx,rcpt_1791425939362_8msl4v
08/10/2026 09:19:02,NP-2026-1181,Nguyễn Đỗ Ánh Nhật,0961111486,012860,AN KHANG HOMES,,HỢP LỆ,lead_1791425942458_byegfu,rcpt_1791425942458_ceoxs4
08/10/2026 09:19:05,NP-2026-1182,Võ Vương Phương Tuyền,0903370903,002901,VIET NAM PROPERTY,phuongtuyen1206@gmail.com,HỢP LỆ,lead_1791425945143_r2390k,rcpt_1791425945143_vibmkd
08/10/2026 09:19:05,NP-2026-1183,Hồ Thị Bích Phượng,0915822787,017106,ĐÔNG TÂY LAND,britneybuiho@gmail.com,HỢP LỆ,lead_1791425945708_qzkupj,rcpt_1791425945708_rnc619
08/10/2026 09:19:06,NP-2026-1184,Bùi Khánh Duy,0394876620,002247,CHÂU ĐẠI DƯƠNG,buikhanhduy1601@gmail.com,HỢP LỆ,lead_1791425946277_11e6cu,rcpt_1791425946277_6yb3o7
08/10/2026 09:19:08,NP-2026-1185,Phan Trần Bảo Trân,0978674915,010614,GLOBAL HOLDING,phantranbaotran58@gmail.com,HỢP LỆ,lead_1791425948261_ep0vka,rcpt_1791425948261_y4k4cq
08/10/2026 09:19:08,NP-2026-1186,Đặng Thanh Hùng,0932648339,002826,REDCA,thanhung1909@gmail.com,HỢP LỆ,lead_1791425948453_aateec,rcpt_1791425948453_4u1bwx
08/10/2026 09:19:09,NP-2026-1187,Nguyễn Thị Kim Nương,0779089086,013100,ĐÔNG TÂY LAND,kimnuong070797@gmail.com,HỢP LỆ,lead_1791425949392_x0ivsu,rcpt_1791425949392_y844v3
08/10/2026 09:19:13,NP-2026-1188,Trần Mỹ Đài Phương,0936389019,005424,MAINLAND,,HỢP LỆ,lead_1791425953014_yd7619,rcpt_1791425953014_ul40p7
08/10/2026 09:19:13,NP-2026-1189,Nguyễn phi thuỷ tiên,0707868677,013858,AN KHANG HOMES,,HỢP LỆ,lead_1791425953776_sgcbag,rcpt_1791425953776_wmhzsg
08/10/2026 09:19:14,NP-2026-1190,Lý Ngọc Minh Châu,0703007078,002278,TICA GROUP,minhchau09042005@gmail.com,HỢP LỆ,lead_1791425954671_an4c3i,rcpt_1791425954671_gyzl2c
08/10/2026 09:19:27,NP-2026-1191,Phạm Tiến Anh,0937170169,017938,SI PROPERTY,phtianh1803@gmail.com,HỢP LỆ,lead_1791425967040_sazfh1,rcpt_1791425967040_iyq6ek
08/10/2026 09:19:27,NP-2026-1192,Ông Phước Trường,0933362086,005020,VIỆT NAM LAND,ongphuoctruong68@gmail.com,HỢP LỆ,lead_1791425967107_ahjwqy,rcpt_1791425967107_5xbgp9
08/10/2026 09:19:29,NP-2026-1193,Đoàn Hữu,0963310039,011563,UNITY LAND,doanhuu21@gmail.com,HỢP LỆ,lead_1791425969197_k5ctv0,rcpt_1791425969197_a94nco
08/10/2026 09:19:37,NP-2026-1194,Đinh minh đức,0941333345,006477,GEMS LAND,,HỢP LỆ,lead_1791425977460_o5r4mm,rcpt_1791425977460_mgmy3s
08/10/2026 09:19:37,NP-2026-1195,Nguyễn Trung Mĩ,0876077879,900135,ERA,Trungmi2807@gmail.com,HỢP LỆ,lead_1791425977744_n1j7o6,rcpt_1791425977744_vgkj36
08/10/2026 09:19:39,NP-2026-1196,Nguyễn Thuỵ Minh Nguyệt,0911401901,004345,SALEREAL,nguyenthuyminhnguyet2810@gmail.com,HỢP LỆ,lead_1791425979143_mbmpo0,rcpt_1791425979143_aq9mtu
08/10/2026 09:19:40,NP-2026-1197,Hoang Thi Lam,0932732599,001075,REDCA,hoangthilam165@gmail.com,HỢP LỆ,lead_1791425980265_7n4yye,rcpt_1791425980265_3y1sin
08/10/2026 09:19:42,NP-2026-1198,Đỗ Hiếu Cơ,0338452174,006433,TICA GROUP,covipga@gmail.com,HỢP LỆ,lead_1791425982153_6gkx6c,rcpt_1791425982153_kvfcpl
08/10/2026 09:19:43,NP-2026-1199,Lê Hoàng Thạch,0902392258,017533,ANPHAHOUSE,dautabds668@gmail.com,HỢP LỆ,lead_1791425983389_xjokkl,rcpt_1791425983389_fzabis
08/10/2026 09:19:45,NP-2026-1200,Quan Thành Phú,0363110062,018917,AZHOMES,phuquan.ntland@gmail.com,HỢP LỆ,lead_1791425985085_1awe2l,rcpt_1791425985085_gozwb0
08/10/2026 09:19:46,NP-2026-1201,Trần Thuỳ Tâm An,0948262099,006293,MEGA REALTY,,HỢP LỆ,lead_1791425986226_w01ypo,rcpt_1791425986226_byw4sq
08/10/2026 09:19:46,NP-2026-1202,Lê Vân Tường Vi,0909716035,006014,ĐẤT XANH,,HỢP LỆ,lead_1791425986676_jkg1yg,rcpt_1791425986676_df7yn0
08/10/2026 09:19:47,NP-2026-1203,Trần Công Hoàng,0787233979,021284,AN KHANG HOMES,tranconghoang4111994@gmail.com,HỢP LỆ,lead_1791425987876_h93g0c,rcpt_1791425987876_hwriqo
08/10/2026 09:19:48,NP-2026-1204,Phạm Long Nhật,0906336299,003660,PITALAND,nhatpham6869@gmail.com,HỢP LỆ,lead_1791425988681_g2qtv0,rcpt_1791425988681_hkbzsd
08/10/2026 09:19:51,NP-2026-1205,Trần Phó,0901203062,052091,SMARTLAND,tran.pho@smartland.vn,HỢP LỆ,lead_1791425991512_yrj11z,rcpt_1791425991512_mxtb8z
08/10/2026 09:19:51,NP-2026-1206,Đặng Ngọc Bảo Trân,0867043840,023373,EMG,giadinhchauvy@gmail.com,HỢP LỆ,lead_1791425991555_seier9,rcpt_1791425991555_hh4d0s
08/10/2026 09:19:54,NP-2026-1207,Đoàn Duy Bảo,0935008084,000094,VIỆT NAM LAND,duybao.realestate@gmail.com,HỢP LỆ,lead_1791425994881_2lckdr,rcpt_1791425994881_fxg18u
08/10/2026 09:19:55,NP-2026-1208,Huỳnh Phạm Dũ,0901312234,010400,MAINLAND,duphamhuynh93@gmail.com,HỢP LỆ,lead_1791425995307_eu6c88,rcpt_1791425995307_vqoga4
08/10/2026 09:19:58,NP-2026-1209,Nguyễn Thị Hương Giang,0909785929,001019,CHÂU ĐẠI DƯƠNG,huonggiang1632@gmail.com,HỢP LỆ,lead_1791425998750_4j2nat,rcpt_1791425998750_nze54n
08/10/2026 09:19:59,NP-2026-1210,Bạch Phi Hùng,0917661949,017583,NEWSTARHOMES,hung.uyhung@gmail.com,HỢP LỆ,lead_1791425999095_rjsszz,rcpt_1791425999095_sr2wqh
08/10/2026 09:19:59,NP-2026-1211,Phan Trần Kiều Duyên,0876419744,008239,VIET NAM PROPERTY,ptkd23420@gmail.com,HỢP LỆ,lead_1791425999128_io2si4,rcpt_1791425999128_5m5wsn
08/10/2026 09:20:01,NP-2026-1212,Lê Nguyên,0988600860,007926,TICA GROUP,leebin168@gmail.com,HỢP LỆ,lead_1791426001819_ya9m0y,rcpt_1791426001819_72eo96
08/10/2026 09:20:07,NP-2026-1213,Ninh Thị Anh Đào,0703985294,001996,ĐÔNG TÂY LAND,ninhanhdao@gmail.com,HỢP LỆ,lead_1791426007735_s0jkf6,rcpt_1791426007735_tejoxp
08/10/2026 09:20:08,NP-2026-1214,VÕ NGUYÊN HUY,0939760068,015230,TICA GROUP,,HỢP LỆ,lead_1791426008849_8ufl3e,rcpt_1791426008849_y30yeh
08/10/2026 09:20:14,NP-2026-1215,Nguyễn Thị Thuý An,0902739097,008766,TICA GROUP,,HỢP LỆ,lead_1791426014877_kn88vf,rcpt_1791426014877_pm1jjk
08/10/2026 09:20:15,NP-2026-1216,Huỳnh Minh Nhựt,0868804823,002578,AVI REALTY,hnhut573@gmail.com,HỢP LỆ,lead_1791426015586_9x8mgp,rcpt_1791426015586_q21x8j
08/10/2026 09:20:15,NP-2026-1217,Nguyễn Vũ Ánh,0966662223,012797,CBC,anhnguyenvu@gmail.com,HỢP LỆ,lead_1791426015641_yjth4s,rcpt_1791426015641_8tpi3c
08/10/2026 09:20:16,NP-2026-1218,Lê Minh Hoàng,0909967690,014675,ĐẤT XANH,leminhhoang119988@gmail.com,HỢP LỆ,lead_1791426016930_up11v6,rcpt_1791426016930_a41g97
08/10/2026 09:20:23,NP-2026-1219,Phan Tấn Đạt,0934019568,005372,LT LUXURY,phantandatbds.1974@gmail.com,HỢP LỆ,lead_1791426023068_97jisp,rcpt_1791426023068_rvzmb6
08/10/2026 09:20:25,NP-2026-1220,Hàng Thị Ngọc Loan,0909268572,000447,AN KHANG HOMES,hangloan91@gmail.com,HỢP LỆ,lead_1791426025740_k99rtc,rcpt_1791426025740_u72owp
08/10/2026 09:20:27,NP-2026-1221,Nguyễn Văn Sáng,0919640660,010830,T&A,sangnv18800@gmail.com,HỢP LỆ,lead_1791426027665_6t8jyo,rcpt_1791426027665_voqm21
08/10/2026 09:20:29,NP-2026-1222,Lâm Công Sơn,0906789140,021492,BAM LAND,,HỢP LỆ,lead_1791426029391_9bb61p,rcpt_1791426029391_4v2lly
08/10/2026 09:20:29,NP-2026-1223,Phạm thị hiền,0978614268,025115,SMARTLAND,thanhhien0286@gmail.com,HỢP LỆ,lead_1791426029705_zjbur5,rcpt_1791426029705_9mb3q9
08/10/2026 09:20:30,NP-2026-1224,Trần Anh Kiều,0868295259,013475,GLOBAL HOMES,,HỢP LỆ,lead_1791426030211_8ywchu,rcpt_1791426030211_ce5ekt
08/10/2026 09:20:30,NP-2026-1225,Nguyễn Thị Minh Thơ,0988882003,024571,MEGA REALTY,minhtho695@gmail.com,HỢP LỆ,lead_1791426030829_7be1o4,rcpt_1791426030829_evr84u
08/10/2026 09:20:31,NP-2026-1226,Trần Phước Sang,0931970266,020891,GLOBAL HOMES,bds.sangtran@gamil.com,HỢP LỆ,lead_1791426031152_tz2rf9,rcpt_1791426031152_d3w0r0
08/10/2026 09:20:34,NP-2026-1227,NGUYỄN GIA BẢO,0976697649,008621,REVER,giabaorealestate@gmail.com,HỢP LỆ,lead_1791426034472_yaprik,rcpt_1791426034472_cf45cq
08/10/2026 09:20:37,NP-2026-1228,Nguyễn Phan Mỹ Ngọc,0937312398,009616,VIỆT NAM LAND,ngocnpm2023@gmail.com,HỢP LỆ,lead_1791426037026_1enmz0,rcpt_1791426037026_kx86ro
08/10/2026 09:20:38,NP-2026-1229,Phạm Thị Mỹ Duyên,0987891193,004325,SGI,duyenphambds11@gmail.com,HỢP LỆ,lead_1791426038181_ff6cb1,rcpt_1791426038181_xu23a0
08/10/2026 09:20:42,NP-2026-1230,Huỳnh Thanh Hải,0938788382,009025,ERA,haiut2008@gmail.com,HỢP LỆ,lead_1791426042393_0p3k7h,rcpt_1791426042393_rc7k38
08/10/2026 09:20:44,NP-2026-1231,Bùi Quốc Hưng,0353233081,009062,IQI,buihung2000tl@gmail.com,HỢP LỆ,lead_1791426044723_m0hnvj,rcpt_1791426044723_ueo1eu
08/10/2026 09:20:50,NP-2026-1232,Lê Minh Hoàn,0934153416,007692,VIET NAM PROPERTY,minhhoan.real@gmail.com,HỢP LỆ,lead_1791426050597_m3qz50,rcpt_1791426050597_qecqcv
08/10/2026 09:20:51,NP-2026-1233,Lê Nhật Trường,0938832188,008318,GLOBAL HOMES,nhattruong318@gmail.com,HỢP LỆ,lead_1791426051481_pgpfr2,rcpt_1791426051481_bybvwu
08/10/2026 09:20:51,NP-2026-1234,Nguyễn Thị Hồng Duyên,0909688685,082190,LT LUXURY,hongduyen228@gmail.com,HỢP LỆ,lead_1791426051643_h3cddv,rcpt_1791426051643_spofqe
08/10/2026 09:20:58,NP-2026-1235,ĐẶNG TÚ CHÂU,0936051678,025391,MEGA REALTY,chaudt.vn@gmail.com,HỢP LỆ,lead_1791426058753_xdmoiy,rcpt_1791426058753_2z19wb
08/10/2026 09:21:00,NP-2026-1236,Trương Đại Vỹ,0366340204,006354,AKA PROPERTY,,HỢP LỆ,lead_1791426060278_i7u5jv,rcpt_1791426060278_iq1wan
08/10/2026 09:21:01,NP-2026-1237,Tô Minh Tiền,0328366803,002851,TNP HOLDINGS,tmtien2k3@gmail.com,HỢP LỆ,lead_1791426061142_huz7k0,rcpt_1791426061142_l3kjdb
08/10/2026 09:21:06,NP-2026-1238,Neang Bảo Vi,0983720667,009257,ĐÔNG TÂY LAND,baovi0344@gmail.com,HỢP LỆ,lead_1791426066303_rdguiq,rcpt_1791426066303_xrbczm
08/10/2026 09:21:07,NP-2026-1239,Nguyễn Vũ Long,0946619991,018867,AN KHANG HOMES,caulong411@gmail.com,HỢP LỆ,lead_1791426067351_ssw924,rcpt_1791426067351_7mk04u
08/10/2026 09:21:09,NP-2026-1240,Phan Thanh Quang,0388687297,001552,T&A,quang.rv102@gmail.com,HỢP LỆ,lead_1791426069477_gwj77n,rcpt_1791426069477_v1tvh7
08/10/2026 09:21:09,NP-2026-1241,Trần Phó,0901203062,005347,SMARTLAND,tran.pho@smartland.vn,HỢP LỆ,lead_1791426069778_hfi3m2,rcpt_1791426069778_u6ow4w
08/10/2026 09:21:10,NP-2026-1242,Nguyễn Thị Thanh Thuý,0909983106,011323,ĐẤT XANH,theivylx@gmail.com,HỢP LỆ,lead_1791426070991_ar47fo,rcpt_1791426070991_zw7pqu
08/10/2026 09:21:12,NP-2026-1243,Phạm Trọng Tuấn Anh,0962699989,013893,REVER,tuananh.13dqt2@gmail.com,HỢP LỆ,lead_1791426072046_072g9r,rcpt_1791426072046_3k5rwz
08/10/2026 09:21:12,NP-2026-1244,Phạm Ngọc Trường An,0932775099,000826,BAM LAND,truongan12nk@gmail.com,HỢP LỆ,lead_1791426072275_3usn30,rcpt_1791426072275_dcffxg
08/10/2026 09:21:12,NP-2026-1245,Nguyễn Tấn Tài,0935463225,004146,CBC,baácitai0710@gmail.com,HỢP LỆ,lead_1791426072854_asi4ak,rcpt_1791426072854_pf763p
08/10/2026 09:21:13,NP-2026-1246,TRẦN THÁI QUANG TOÀN,0898438989,007116,VIET NAM PROPERTY,toan.vnp89@gmail.com,HỢP LỆ,lead_1791426073207_ttapax,rcpt_1791426073207_56z2cw
08/10/2026 09:21:13,NP-2026-1247,Võ Thị Huyền Trân,0973082032,004336,VIET NAM PROPERTY,huyentran.cms@gmail.com,HỢP LỆ,lead_1791426073465_43klp2,rcpt_1791426073465_3t0rwy
08/10/2026 09:21:14,NP-2026-1248,Thái Quốc Trầm,0944058282,012820,KZEN,thaiquoctram@gmail.com,HỢP LỆ,lead_1791426074338_7ugoiu,rcpt_1791426074338_0ajr20
08/10/2026 09:21:15,NP-2026-1249,TRẦN THANH DUY,0981899079,054525,NOVAZON,thanhduygialai0410@gmail.com,HỢP LỆ,lead_1791426075875_uaiz14,rcpt_1791426075875_5qjbhy
08/10/2026 09:21:16,NP-2026-1250,Nguyễn Thị Hoàng Oanh,0902685163,024002,MAINLAND,lunsinh1987@gmail.com,HỢP LỆ,lead_1791426076058_u3o0uy,rcpt_1791426076058_7s86dg
08/10/2026 09:21:18,NP-2026-1251,WANG YUEBK,0399659396,930932,REVER,,HỢP LỆ,lead_1791426078281_bsfh7u,rcpt_1791426078281_69ha9g
08/10/2026 09:21:20,NP-2026-1252,Phạm Thị Thanh Tâm,0365622411,008405,CBC,,HỢP LỆ,lead_1791426080465_fwhi8a,rcpt_1791426080465_3x7agd
08/10/2026 09:21:21,NP-2026-1253,Đinh Thị Thanh,0905700884,015708,KHẢI MINH LAND,dinhthanh1609@gmail.com,HỢP LỆ,lead_1791426081726_qtbvey,rcpt_1791426081726_r7iguy
08/10/2026 09:21:21,NP-2026-1254,Trần Thị Thuỳ Trang,0978918735,002624,GLOBAL HOMES,hoadaquy2998@gmail.com,HỢP LỆ,lead_1791426081908_cfvhpa,rcpt_1791426081908_509cu4
08/10/2026 09:21:23,NP-2026-1255,Trần Đức Anh,0918996978,004219,NOVAZON,ablandhcm@gmail.com,HỢP LỆ,lead_1791426083605_e0ihha,rcpt_1791426083605_pqkvef
08/10/2026 09:21:26,NP-2026-1256,Dương Trí Sỹ Hưng,0838181928,008768,SMARTLAND,,HỢP LỆ,lead_1791426086165_nbfewk,rcpt_1791426086165_w0b8cs
08/10/2026 09:21:31,NP-2026-1257,Trần Thị Bích,0906872629,019072,NOVAZON,Tranthibich629@gmail.com,HỢP LỆ,lead_1791426091292_27psdq,rcpt_1791426091292_v9fuq6
08/10/2026 09:21:33,NP-2026-1258,Châu Hoàng Nguyên,0978286888,001074,LT LUXURY,,HỢP LỆ,lead_1791426093679_mackof,rcpt_1791426093679_oz3vfu
08/10/2026 09:21:35,NP-2026-1259,Trần Tuấn Anh,0988383288,011591,TICA GROUP,trantuananh0504@gmail.com,HỢP LỆ,lead_1791426095688_ah28ub,rcpt_1791426095688_a28bfi
08/10/2026 09:21:36,NP-2026-1260,Nguyễn đình thanh,0908212266,020018,RED GROUP,thanh0787@gmail.com,HỢP LỆ,lead_1791426096678_cx0ilb,rcpt_1791426096678_7s6vsp
08/10/2026 09:21:39,NP-2026-1261,Tăng Thị Hạ Vy,0932278930,007717,ĐÔNG TÂY LAND,havy210696@gmail.com,HỢP LỆ,lead_1791426099378_4lj3tj,rcpt_1791426099378_j45wmd
08/10/2026 09:21:45,NP-2026-1262,Lý Huệ Nghi,0908436885,030278,LT LUXURY,,HỢP LỆ,lead_1791426105291_hxr1a5,rcpt_1791426105291_xa6tn6
08/10/2026 09:21:48,NP-2026-1263,Nguyễn Thị Ngọc Giàu,0972699121,015121,REVER,,HỢP LỆ,lead_1791426108714_qivwmd,rcpt_1791426108714_itr1gd
08/10/2026 09:21:52,NP-2026-1264,Phạm Ngọc Thành,0845228379,004992,VIET NAM PROPERTY,jayden.pnt29@gmail.com,HỢP LỆ,lead_1791426112820_6iteuu,rcpt_1791426112820_gz9796
08/10/2026 09:21:57,NP-2026-1265,Vũ Anh Tuấn,0933847779,037624,AKA PROPERTY,vuanhtuanbds251190@gmail.com,HỢP LỆ,lead_1791426117013_ty2x5v,rcpt_1791426117013_bk9ogy
08/10/2026 09:21:57,NP-2026-1266,Phạm Nguyễn Hưng Long,0866534212,010177,IQI,phamnguyenhunglong@gamudaland.com.my,HỢP LỆ,lead_1791426117633_fn6x0f,rcpt_1791426117633_xln9wi
08/10/2026 09:21:58,NP-2026-1267,Đỗ Minh Quang,0936785409,000964,PITALAND,dominhquang2012@gmail.com,HỢP LỆ,lead_1791426118539_u5ygfx,rcpt_1791426118539_55z29k
08/10/2026 09:22:02,NP-2026-1268,Huỳnh Trường Vĩnh,0936331151,004636,REVER,vinhht@rever.vn,HỢP LỆ,lead_1791426122268_j9fki7,rcpt_1791426122268_rqdnub
08/10/2026 09:22:02,NP-2026-1269,Ngô Quang Huy,0906978580,025382,VIỆT NAM LAND,Luxuryboy7890z@gmail.con,HỢP LỆ,lead_1791426122657_raeyxq,rcpt_1791426122657_l7mmqc
08/10/2026 09:22:04,NP-2026-1270,Đỗ Mỹ An,0387391348,007570,PQR,,HỢP LỆ,lead_1791426124978_244g56,rcpt_1791426124978_h9olwr
08/10/2026 09:22:09,NP-2026-1271,Châu Hoàng Lâm,0706800620,027278,AKA PROPERTY,chauhoanglam1001@gmail.com,HỢP LỆ,lead_1791426129592_kevgd4,rcpt_1791426129592_2y2ong
08/10/2026 09:22:10,NP-2026-1272,Lưu Hoàng Trí,0988524466,004772,SMARTLAND,hoangtri.luu@smartland.vn,HỢP LỆ,lead_1791426130305_c5e1wt,rcpt_1791426130305_2099ha
08/10/2026 09:22:11,NP-2026-1273,Hồ Thị Cẩm Nhung,0392849899,003166,ERA,camnhungland8899@gmail.com,HỢP LỆ,lead_1791426131180_hwxj58,rcpt_1791426131180_etmku4
08/10/2026 09:22:14,NP-2026-1274,Thi Thảo Uyên,0909200301,010874,AKA PROPERTY,thithaouyen12a8@gmail.com,HỢP LỆ,lead_1791426134343_vvxp5t,rcpt_1791426134343_4kn4zv
08/10/2026 09:22:19,NP-2026-1275,Phạm Bá Tuấn,0937427550,001404,AKA PROPERTY,phambatuan484@gmail.com,HỢP LỆ,lead_1791426139726_dvbjzw,rcpt_1791426139726_eaw9o3
08/10/2026 09:22:20,NP-2026-1276,Lê Trọng Nghĩa,0931466546,007308,PQR,nghiale.richlandvn@gmail.com,HỢP LỆ,lead_1791426140408_kxm3ak,rcpt_1791426140408_rs6l8j
08/10/2026 09:22:20,NP-2026-1277,Nguyễn Văn Đức,0989674313,000185,HOMEDAY,nguyenvanduc931920@gmail.com,HỢP LỆ,lead_1791426140873_2vrwy1,rcpt_1791426140873_szjezu
08/10/2026 09:22:22,NP-2026-1278,Lê Thị Hằng,0916442096,002298,INDOCHINE,hanglt@dxmb.vn,HỢP LỆ,lead_1791426142150_3lwuul,rcpt_1791426142150_7wy3i3
08/10/2026 09:22:25,NP-2026-1279,Nguyễn duy pháp,0963585750,014540,SALEREAL,phapsalereal@gmail.com,HỢP LỆ,lead_1791426145719_mioehp,rcpt_1791426145719_qav534
08/10/2026 09:22:29,NP-2026-1280,Nguyễn Xuân Bảo,0939541337,008147,BAM LAND,xuanbaobrand@gmail.com,HỢP LỆ,lead_1791426149145_jgax60,rcpt_1791426149145_jra994
08/10/2026 09:22:29,NP-2026-1281,Nguyễn Xuân Duy,0707959618,029136,MAINLAND,duy.nx911@gmail.com,HỢP LỆ,lead_1791426149973_v4jxx0,rcpt_1791426149973_9q77ba
08/10/2026 09:22:30,NP-2026-1282,Trịnh Bửu Lâm,0911283563,024959,NEWSTARHOMES,lamtb.bds777@gmail.com,HỢP LỆ,lead_1791426150621_kiobjt,rcpt_1791426150621_t0nw8h
08/10/2026 09:22:31,NP-2026-1283,Phạm Ngọc Bảo Trâm,0937582589,000864,REVER,trampnb@rever.vn,HỢP LỆ,lead_1791426151073_k267ds,rcpt_1791426151073_7heah6
08/10/2026 09:22:35,NP-2026-1284,Nguyễn Văn Chí Khanh,0949843011,003067,REVER,khanh@Nortionpack.vn,HỢP LỆ,lead_1791426155719_nvp9gq,rcpt_1791426155719_r89nyj
08/10/2026 09:22:48,NP-2026-1285,Nguyễn Khoa Minh Hào,0369965920,014154,IQI,,HỢP LỆ,lead_1791426168555_fyz0vh,rcpt_1791426168555_rd5jpt
08/10/2026 09:22:58,NP-2026-1286,Nguyễn Hoàng Linh,0902962062,918900,CBC,linh.nguyenhoangbds@gmail.com,HỢP LỆ,lead_1791426178001_se1gub,rcpt_1791426178001_m9qbtv
08/10/2026 09:22:58,NP-2026-1287,Nguyễn Trọng Nhân,0373195019,008294,EMG,nhan0373195019@gmail.com,HỢP LỆ,lead_1791426178234_v9hlo0,rcpt_1791426178234_boydc4
08/10/2026 09:23:00,NP-2026-1288,Nguyễn Phương realtor,0797353679,009655,MAINLAND,,HỢP LỆ,lead_1791426180830_c4b7qn,rcpt_1791426180830_1kmtle
08/10/2026 09:23:04,NP-2026-1289,NGUYỄN HUY CƯỜNG,0965686311,006301,KHẢI MINH LAND,huycuongsales@gmail.com,HỢP LỆ,lead_1791426184142_lzcqw8,rcpt_1791426184142_91fbg9
08/10/2026 09:23:06,NP-2026-1290,Đặng Văn Đình,0981191282,032653,T&A,dinhdv2410@gmail.com,HỢP LỆ,lead_1791426186592_2jxcby,rcpt_1791426186592_70551i
08/10/2026 09:23:08,NP-2026-1291,Mai Trọng Trung Nguyên,0902431147,018531,ĐẤT XANH,nguyenmai4264@gmail.com,HỢP LỆ,lead_1791426188195_k1x96w,rcpt_1791426188195_m31jka
08/10/2026 09:23:10,NP-2026-1292,Phạm Thị Thuỳ Dung,0868245281,011663,ĐÔNG TÂY LAND,dunn.pttd@gmail.com,HỢP LỆ,lead_1791426190206_vm1vih,rcpt_1791426190206_6f5mr1
08/10/2026 09:23:12,NP-2026-1293,Nguyễn Thành Liêm,0908355405,008071,ĐÔNG TÂY LAND,nguyenliem2710@gmail.con,HỢP LỆ,lead_1791426192394_5k6csc,rcpt_1791426192394_hndqg5
08/10/2026 09:23:13,NP-2026-1294,Trần Nguyễn Quốc Hùng,0907821353,020729,MAINLAND,quochung1484@gmail.com,HỢP LỆ,lead_1791426193644_lxqdbq,rcpt_1791426193644_7mcz7b
08/10/2026 09:23:17,NP-2026-1295,Nguyễn Trung Hậu,0909720303,005519,ĐÔNG TÂY LAND,hauland1999@gmail.com,HỢP LỆ,lead_1791426197630_mb334s,rcpt_1791426197630_12o9v9
08/10/2026 09:23:20,NP-2026-1296,Nguyen Tuan Anh,0932630406,015792,CBC,stephenwilling182@gmail.com,HỢP LỆ,lead_1791426200668_jvby1b,rcpt_1791426200668_67i10z
08/10/2026 09:23:20,NP-2026-1297,Nguyễn Thị Thu Thảo,0932774288,009943,DIAMOND LINKS,thaoxnk36@gmail.com,HỢP LỆ,lead_1791426200833_2ak4tf,rcpt_1791426200833_iop7ul
08/10/2026 09:23:24,NP-2026-1298,Nguyễn Tuấn Kiệt,0962612578,038603,SI PROPERTY,tu1284t@gmail.com,HỢP LỆ,lead_1791426204467_s18dpc,rcpt_1791426204467_av3p8e
08/10/2026 09:23:24,NP-2026-1299,Marcus,0901397885,397885,SAVILLS,,HỢP LỆ,lead_1791426204586_l3bgxx,rcpt_1791426204586_d63hi6
08/10/2026 09:23:25,NP-2026-1300,Lương Thị Vân,0379488408,006155,SI PROPERTY,,HỢP LỆ,lead_1791426205673_ntocd5,rcpt_1791426205673_fnflph
08/10/2026 09:23:29,NP-2026-1301,Nguyễn Thanh Phong,0901846880,000083,PQR,thanhphongmickeyhn@gmail.com,HỢP LỆ,lead_1791426209139_kdzjk3,rcpt_1791426209139_7x4rcb
08/10/2026 09:23:34,NP-2026-1302,Trần Thị Tường Vi,0901996489,014298,AKA PROPERTY,,HỢP LỆ,lead_1791426214004_7786ua,rcpt_1791426214004_t4afo2
08/10/2026 09:23:35,NP-2026-1303,Nguyễn Hữu Đạt,0902382239,012000,ĐẤT XANH,,HỢP LỆ,lead_1791426215909_3q1rx9,rcpt_1791426215909_udcxzv
08/10/2026 09:23:36,NP-2026-1304,Chloe,0934044117,031743,SAVILLS,Vbichphuong@savills.com.vn,HỢP LỆ,lead_1791426216083_b3ija9,rcpt_1791426216083_14orzl
08/10/2026 09:23:43,NP-2026-1305,TRẦN THỊ QUẾ ANH,0788872739,005511,EMG,queahh102@gmail.com,HỢP LỆ,lead_1791426223032_2sq7i4,rcpt_1791426223032_gnioti
08/10/2026 09:23:49,NP-2026-1306,Trần Bá Hùng,0969949810,018417,GLOBAL HOLDING,tbh79real@gmail.com,HỢP LỆ,lead_1791426229199_d1lgv7,rcpt_1791426229199_vgmte7
08/10/2026 09:23:51,NP-2026-1307,Chau Thị Hương Thảo,0907678748,022594,ĐÔNG TÂY LAND,cththao2402@gmail.com,HỢP LỆ,lead_1791426231116_2bai9j,rcpt_1791426231116_0c7971
08/10/2026 09:23:54,NP-2026-1308,Đỗ Hữu Thắng,0886987878,010019,T&A,,HỢP LỆ,lead_1791426234813_0tbsac,rcpt_1791426234813_be8nbs
08/10/2026 09:24:01,NP-2026-1309,Trần Nguyễn Vân Anh,0903760184,000274,EMG,tranvananh2010202@gmail.com,HỢP LỆ,lead_1791426241326_n94nue,rcpt_1791426241326_gav4cb
08/10/2026 09:24:02,NP-2026-1310,Vũ Thị Thu Thuỷ,0398119363,006151,EMG,thuyvu0600@gmail.com,HỢP LỆ,lead_1791426242613_ve3i3p,rcpt_1791426242613_ifntxi
08/10/2026 09:24:12,NP-2026-1311,Trần Ngọc Nhân,0785676999,006491,PITALAND,ngo.nha2605@gmail.com,HỢP LỆ,lead_1791426252827_joc761,rcpt_1791426252827_g6u3uf
08/10/2026 09:24:18,NP-2026-1312,Nguyễn Thị Giang,0353064033,014013,CBC,giangfunnypim677477@gmail.com,HỢP LỆ,lead_1791426258816_wm33ti,rcpt_1791426258816_0xbrmn
08/10/2026 09:24:32,NP-2026-1313,Huỳnh Nguyên Tốt,0901839151,006859,SI PROPERTY,tothuynh2501@gmail.com,HỢP LỆ,lead_1791426272695_qvz8e8,rcpt_1791426272695_tl5x2c
08/10/2026 09:24:38,NP-2026-1314,Vũ Văn Hoan,0908508095,003033,EMG,,HỢP LỆ,lead_1791426278240_ikaqni,rcpt_1791426278240_uev93z
08/10/2026 09:24:42,NP-2026-1315,Nguyễn Minh Tân,0938173533,009652,ĐẤT XANH,canhotannguyen@gmail.com,HỢP LỆ,lead_1791426282909_qs5pbb,rcpt_1791426282909_gqaw0k
08/10/2026 09:24:43,NP-2026-1316,Trần Huỳnh Quang,0968131223,011452,GLOBAL HOMES,,HỢP LỆ,lead_1791426283707_3cbm1x,rcpt_1791426283707_ualtpn
08/10/2026 09:25:08,NP-2026-1317,Lê Long,0903045026,004136,AN KHANG HOMES,longakr2102@gmail.com,HỢP LỆ,lead_1791426308151_hmcjzs,rcpt_1791426308151_0jfexj
08/10/2026 09:25:14,NP-2026-1318,Lê Thị Mỹ Danh,0898154460,001894,EMG,danhle0311@gmail.com,HỢP LỆ,lead_1791426314216_qitq1p,rcpt_1791426314216_ztgk3a
08/10/2026 09:25:15,NP-2026-1319,Lê Thị Bé Hạ,0901373926,011579,REVER,leeha1610@gmail.com,HỢP LỆ,lead_1791426315919_nf3ydj,rcpt_1791426315919_u6j1is
08/10/2026 09:25:20,NP-2026-1320,Nguyễn hoàng khả hân,0938688293,001396,CBC,khahan411@gmail.com,HỢP LỆ,lead_1791426320160_g4i04v,rcpt_1791426320160_ecy8ld
08/10/2026 09:25:33,NP-2026-1321,NGUYỄN THỊ TÚ DIỄM,0932703369,020333,SMARTLAND,nguyenthitudiem2911@gmail.com,HỢP LỆ,lead_1791426333329_q6sk1l,rcpt_1791426333329_0nhpph
08/10/2026 09:25:41,NP-2026-1322,Phạm Thành Sơn,0936257376,000417,ĐÔNG TÂY LAND,thanhsonz822@gmail.com,HỢP LỆ,lead_1791426341583_qi5q4g,rcpt_1791426341583_rvzont
08/10/2026 09:25:49,NP-2026-1323,Lê Thị Trâm,0938690885,008150,PITALAND,letram85decor@gmail.com,HỢP LỆ,lead_1791426349115_r84lfd,rcpt_1791426349115_z2xlgp
08/10/2026 09:25:49,NP-2026-1324,Lê Thị Kim Thắm,0823452935,000061,NEWSTARHOMES,le892010@gmail.com,HỢP LỆ,lead_1791426349894_logxyo,rcpt_1791426349894_rf8z7r
08/10/2026 09:26:06,NP-2026-1325,Phạm Vương Mỹ Linh,0969234092,004023,PQR,phamvuongmylinh@gmail.com,HỢP LỆ,lead_1791426366277_rni8vt,rcpt_1791426366277_0r39sv
08/10/2026 09:26:20,NP-2026-1326,Nguyen Ngoc Huong,0368661604,011120,PQR,ngochuong.pqr@gmail.com,HỢP LỆ,lead_1791426380220_wkjh5z,rcpt_1791426380220_5yu2sd
08/10/2026 09:26:50,NP-2026-1327,Lê thị kim thuỳ,0915766555,021984,SI PROPERTY,lenua58@gmail.com,HỢP LỆ,lead_1791426410107_ft3u0z,rcpt_1791426410107_0u3cnv
08/10/2026 09:26:52,NP-2026-1328,Trần Thị Tường Vi,0919389309,010839,IQI,vi.tran@iqiglobal.com,HỢP LỆ,lead_1791426412585_kits55,rcpt_1791426412585_m0wi0j
08/10/2026 09:27:08,NP-2026-1329,Khưu Quốc Tiến,0938676865,015614,SI PROPERTY,quoctien.tera@gmail.com,HỢP LỆ,lead_1791426428274_8kilc9,rcpt_1791426428274_285pru
08/10/2026 09:27:33,NP-2026-1330,HUỲNH VĂN TÝ,0938853079,012288,EMG,huynhtien.dj@gmail.com,HỢP LỆ,lead_1791426453949_md1i34,rcpt_1791426453949_vvwsmg
08/10/2026 09:28:03,NP-2026-1331,Trần Tiến Dũng,0903197167,000043,INDOCHINE,trantieudu@gmail.com,HỢP LỆ,lead_1791426483194_lkg4c1,rcpt_1791426483194_ixrhr1
08/10/2026 09:28:06,NP-2026-1332,Võ Huỳnh Thị Thạch,0909055386,010024,T&A,,HỢP LỆ,lead_1791426486832_ichsdw,rcpt_1791426486832_kecrcd
08/10/2026 09:28:11,NP-2026-1333,Lê Ngọc Bảo Châu,0938267688,000324,VIET NAM PROPERTY,lechau3108@gmail.com,HỢP LỆ,lead_1791426491132_bjib7m,rcpt_1791426491132_j0skfo
08/10/2026 09:28:21,NP-2026-1334,Võ Minh Trọng,0917079638,027221,KHẢI MINH LAND,vominhtrong20@gmail.com,HỢP LỆ,lead_1791426501350_eyom5p,rcpt_1791426501350_009e60
08/10/2026 09:28:31,NP-2026-1335,Trần Thị Ngọc Xuyến,0799818899,012071,T&A,,HỢP LỆ,lead_1791426511893_rsqnjq,rcpt_1791426511893_4rqxml
08/10/2026 09:28:34,NP-2026-1336,Uông Quốc Ái,0909790109,008116,SMARTLAND,uongquocai@gmail.com,HỢP LỆ,lead_1791426514426_wf1hwe,rcpt_1791426514426_vao7pj
08/10/2026 09:29:11,NP-2026-1337,Bùi Dương Hào Hiệp,0877762126,002422,GLOBAL HOMES,tranhiepcapital@gmail.com,HỢP LỆ,lead_1791426551269_cqyejn,rcpt_1791426551269_8435wg
08/10/2026 09:29:12,NP-2026-1338,Nguyen Anh Minh,0932035368,007978,AKA PROPERTY,nguyenanhminhvn@gmail.com,HỢP LỆ,lead_1791426552227_6nwhj5,rcpt_1791426552227_3gd9lq
08/10/2026 09:29:37,NP-2026-1339,Trần Hưng Thịnh,0896938679,000810,SI PROPERTY,tranhungthinhvt@gmail.com,HỢP LỆ,lead_1791426577254_3jjsoh,rcpt_1791426577254_l33d3r
08/10/2026 09:30:06,NP-2026-1340,Trương Kiến Duy,0708882226,040800,SALEREAL,kienduy1701@gmail.com,HỢP LỆ,lead_1791426606722_ej51vf,rcpt_1791426606722_j4ke6y
08/10/2026 09:30:08,NP-2026-1341,Bùi Thị Anh,0902669770,023354,ERA,anh.bui@era.com.vn,HỢP LỆ,lead_1791426608051_z0tulv,rcpt_1791426608051_gluo3p
08/10/2026 09:30:09,NP-2026-1342,Trần Thiên Bảo,0934746784,003793,ĐÔNG TÂY LAND,thienbaore@gmail.com,HỢP LỆ,lead_1791426609665_fslujq,rcpt_1791426609665_fai6rt
08/10/2026 09:30:18,NP-2026-1343,Đỗ Thanh Duy,0367865704,006785,VIỆT NAM LAND,doduy2595@gmail.com,HỢP LỆ,lead_1791426618985_6oopop,rcpt_1791426618985_30t3fb
08/10/2026 09:31:12,NP-2026-1344,Đoàn Thị Nghĩa,0912099610,013924,NOVAZON,anhthao180721@gmail.com,HỢP LỆ,lead_1791426672189_6kutfn,rcpt_1791426672189_y2hkcl
08/10/2026 09:31:33,NP-2026-1345,Trần Công Hiệp,0946120792,010914,ANPHAHOUSE,,HỢP LỆ,lead_1791426693507_fst6s5,rcpt_1791426693507_ulq3w7
08/10/2026 09:31:52,NP-2026-1346,Công Minh,0964860906,001023,TNP HOLDINGS,minh.phan100@icloud.com,HỢP LỆ,lead_1791426712108_hxb113,rcpt_1791426712108_s6ugwz
08/10/2026 09:32:21,NP-2026-1347,Đinh Việt Quốc,0933801618,010163,AN KHANG HOMES,quocdinh.sb@gmail.com,HỢP LỆ,lead_1791426741942_nwdy6j,rcpt_1791426741942_57dep7
08/10/2026 09:32:22,NP-2026-1348,Diệp Bảo Vy,0913880534,000768,AKA PROPERTY,diepbaovy13@gmail.com,HỢP LỆ,lead_1791426742276_7jyi86,rcpt_1791426742276_1wooo1
08/10/2026 09:32:37,NP-2026-1349,Dung Tin,0982939266,075183,KHẢI MINH LAND,tinngocdung@gmail.com,HỢP LỆ,lead_1791426757357_kck0bu,rcpt_1791426757357_9404mi
08/10/2026 09:32:39,NP-2026-1350,Phạm Phúc Nghĩa,0866553805,013859,REVER,,HỢP LỆ,lead_1791426759160_qw3t70,rcpt_1791426759160_v0s1us
08/10/2026 09:32:42,NP-2026-1351,Nguyễn Thanh Long,0936090291,007285,AN KHANG HOMES,longnt9291@gmail.com,HỢP LỆ,lead_1791426762970_i06915,rcpt_1791426762970_v8jyw8
08/10/2026 09:32:44,NP-2026-1352,Đinh phương nam,0908050539,000021,AVI REALTY,pnl.com.vn@gmail.com,HỢP LỆ,lead_1791426764958_eprv88,rcpt_1791426764958_62fbsv
08/10/2026 09:32:47,NP-2026-1353,Nghĩa Vĩ,0378964420,001662,CBRE,,HỢP LỆ,lead_1791426767306_i94y3w,rcpt_1791426767306_x3mfa3
08/10/2026 09:32:49,NP-2026-1354,Hàng Quốc Khiêm,0934556447,244965,VIET NAM PROPERTY,bdskhiem@gmail.com,HỢP LỆ,lead_1791426769229_utjjdz,rcpt_1791426769229_h8txy1
08/10/2026 09:32:51,NP-2026-1355,Huỳnh Thị Hoài Duyên,0944912762,003749,ELINK,hoaiduyen.huynh@gmail.com,HỢP LỆ,lead_1791426771437_2p8b9j,rcpt_1791426771437_pos15d
08/10/2026 09:32:52,NP-2026-1356,Nguyễn Thành Tâm,0938829996,022363,REVER,tamnt3@rever.vn,HỢP LỆ,lead_1791426772363_ct4fmv,rcpt_1791426772363_ecmyaj
08/10/2026 09:32:56,NP-2026-1357,Lê Thị Kim Hoài,0394741237,002443,AKA PROPERTY,lethikimhoai1439@gmail.com,HỢP LỆ,lead_1791426776126_kwgcte,rcpt_1791426776126_fsw09h
08/10/2026 09:32:57,NP-2026-1358,Nguyễn Thị Tuệ Nhi,0379194567,004856,ELINK,tuenhint0267@gmail.vn,HỢP LỆ,lead_1791426777906_k3i0n6,rcpt_1791426777906_i6k9w6
08/10/2026 09:32:58,NP-2026-1359,Hà Đức Thịnh,0383744064,015208,MAINLAND,cheonhojin1996@gmail.com,HỢP LỆ,lead_1791426778558_rwiion,rcpt_1791426778558_3bww56
08/10/2026 09:33:02,NP-2026-1360,Phan Thái Hiệu,0931767656,000996,VIET NAM PROPERTY,phanhieu9696@gmail.com,HỢP LỆ,lead_1791426782829_gsz98u,rcpt_1791426782829_ilrme9
08/10/2026 09:33:02,NP-2026-1361,Hong Mỹ Liên,0866907416,020308,PQR,,HỢP LỆ,lead_1791426782875_znkh34,rcpt_1791426782875_6yeufs
08/10/2026 09:33:03,NP-2026-1362,Nguyễn thị thuỳ dung,0928567689,000023,ĐẤT XANH,nthuydung1984@icloud.com,HỢP LỆ,lead_1791426783930_9vr3x7,rcpt_1791426783930_zaxko1
08/10/2026 09:33:06,NP-2026-1363,Nguyễn Hồng Minh,0353207310,000287,CBRE,minh.nguyenhong@cbre.com,HỢP LỆ,lead_1791426786313_hh546o,rcpt_1791426786313_1eat1b
08/10/2026 09:33:07,NP-2026-1364,Nguyễn Thế Long,0909286597,016743,HOMEDAY,thelong1490@gmail.com,HỢP LỆ,lead_1791426787133_sx5f81,rcpt_1791426787133_3ev2d3
08/10/2026 09:33:08,NP-2026-1365,Trần Mỹ kín,0394992909,004027,NEWSTARHOMES,wpy2406@gmail.com,HỢP LỆ,lead_1791426788427_1f6zt2,rcpt_1791426788427_2mgkoc
08/10/2026 09:33:12,NP-2026-1366,Nguyễn Hữu Tâm,0931317066,035742,ANPHAHOUSE,tamthietthuc123@gmail.com,HỢP LỆ,lead_1791426792366_1trhjl,rcpt_1791426792366_lauetq
08/10/2026 09:33:12,NP-2026-1367,Nguyễn Tiến Hưng,0585885758,007831,NOVAZON,tienhungnguyen1204@gmail.com,HỢP LỆ,lead_1791426792952_1tgm7e,rcpt_1791426792952_20khlc
08/10/2026 09:33:18,NP-2026-1368,Trần Thị Ngọc Mai,0976560915,006316,NEWSTARHOMES,,HỢP LỆ,lead_1791426798154_xecu3s,rcpt_1791426798154_iodqx4
08/10/2026 09:33:36,NP-2026-1369,Nguyễn Thanh Vũ,0946812829,002067,TNP HOLDINGS,nthanhvu768@gmail.com,HỢP LỆ,lead_1791426816525_6yy9aj,rcpt_1791426816525_dix2ic
08/10/2026 09:33:46,NP-2026-1370,Vũ Thị Trúc Anh,0346299713,001919,ĐÔNG TÂY LAND,vuthitrucanh1997@gmail.com,HỢP LỆ,lead_1791426826475_0f7gw6,rcpt_1791426826475_44b737
08/10/2026 09:33:48,NP-2026-1371,Lê Thị Mai Hoa,0918249866,008290,IQI,,HỢP LỆ,lead_1791426828690_75jqat,rcpt_1791426828690_ykh8uz
08/10/2026 09:33:48,NP-2026-1372,Đao Minh Toàn,0906893998,007982,CBC,dao.mtoan1604@gmail.com,HỢP LỆ,lead_1791426828834_r0w9bc,rcpt_1791426828834_fm2oo6
08/10/2026 09:33:49,NP-2026-1373,Hồ Hải Nguyên,0906895434,027501,ANPHAHOUSE,nguyen.ho702@gmail.com,HỢP LỆ,lead_1791426829988_mt25dj,rcpt_1791426829988_i11fza
08/10/2026 09:33:50,NP-2026-1374,Nguyễn Cao Vinh,0947328388,032398,SI PROPERTY,nguyencaovinh6688@gmail.com,HỢP LỆ,lead_1791426830672_2zoen0,rcpt_1791426830672_yhtc2k
08/10/2026 09:33:51,NP-2026-1375,Nguyễn Cường,0985884622,014962,NEWSTARHOMES,cuongluxurybd@gmail.com,HỢP LỆ,lead_1791426831226_3fd9bp,rcpt_1791426831226_v6469l
08/10/2026 09:33:56,NP-2026-1376,Trần minh tài,0933966914,019645,CBC,taitran.daklak@gmail.com,HỢP LỆ,lead_1791426836524_pol46n,rcpt_1791426836524_qcm1dj
08/10/2026 09:33:57,NP-2026-1377,Phan Thị Thu Ngân,0937901482,001306,T&A,phanthungan901482@gmail.com,HỢP LỆ,lead_1791426837114_b3u7ib,rcpt_1791426837114_mkbuo6
08/10/2026 09:33:57,NP-2026-1378,Lưu Bá Tú,0978247459,010533,NOVAZON,luutu306@gmail.com,HỢP LỆ,lead_1791426837850_ppdhpr,rcpt_1791426837850_zn2ga4
08/10/2026 09:34:01,NP-2026-1379,Vũ Trần Bảo Hân,0979115644,007122,MEGA REALTY,baohanvutran@gmail.com,HỢP LỆ,lead_1791426841592_v71law,rcpt_1791426841592_sz0xlu
08/10/2026 09:34:09,NP-2026-1380,Đặng Minh Sơn Hải,0935687966,010500,MAINLAND,sonhai052020@gmail.com,HỢP LỆ,lead_1791426849859_j7hhoo,rcpt_1791426849859_tcplqp
08/10/2026 09:34:17,NP-2026-1381,Huỳnh Thị Kim Yến,0813512990,006067,VIỆT NAM LAND,yenhtk135@gmail.com,HỢP LỆ,lead_1791426857566_njoq35,rcpt_1791426857566_c3qj5l
08/10/2026 09:34:36,NP-2026-1382,Nguyễn Minh Trí,0904484749,004492,PQR,minhtrimaika@gmail.com,HỢP LỆ,lead_1791426876589_zm768i,rcpt_1791426876589_phjeez
08/10/2026 09:34:43,NP-2026-1383,Phạm Thị Thuý Ngân,0777551012,000980,MAINLAND,phamngan.ws@gmail.com,HỢP LỆ,lead_1791426883910_to39dn,rcpt_1791426883910_44d7rn
08/10/2026 09:34:44,NP-2026-1384,Phan Thị Kim Thoa,0933652654,004426,NOVAZON,thoa5842@gmail.com,HỢP LỆ,lead_1791426884745_6dpbjh,rcpt_1791426884745_xoyz0c
08/10/2026 09:34:46,NP-2026-1385,Đỗ Đức Vương,0937100965,004305,REVER,vuongdd@rever.vn,HỢP LỆ,lead_1791426886657_248fe7,rcpt_1791426886657_n0um7f
08/10/2026 09:34:48,NP-2026-1386,Đinh Mạnh Thắng,0339700601,005584,NOVAZON,thangjjbiin9@gmail.com,HỢP LỆ,lead_1791426888048_a1y8gh,rcpt_1791426888048_nfcrt2
08/10/2026 09:34:54,NP-2026-1387,Trần Ngọc Phương Thảo,0943408141,003399,NEWSTARHOMES,thaotnp2112@gmail.com,HỢP LỆ,lead_1791426894685_k51ziq,rcpt_1791426894685_y63vus
08/10/2026 09:34:56,NP-2026-1388,Nguyễn Thị Hoàng Oanh,0969949999,018122,ANPHAHOUSE,nguyenhoangoanh0211@gmail.com,HỢP LỆ,lead_1791426896282_uto1rh,rcpt_1791426896282_k2r9el
08/10/2026 09:35:06,NP-2026-1389,Phạm Thanh Hưng,0971498247,001626,T&A,phamthanhhungkr1996@gmail.com,HỢP LỆ,lead_1791426906931_w9hh4n,rcpt_1791426906931_mzuztq
08/10/2026 09:35:14,NP-2026-1390,Nguyễn Thị Thanh Vân,0938994505,017045,SGI,thanhvan020690@gmail.com,HỢP LỆ,lead_1791426914861_fz8kvv,rcpt_1791426914861_4h8unp
08/10/2026 09:35:31,NP-2026-1391,Trương Hoàng Khang,0824600605,022300,MEGA REALTY,truonghoangkhang0710@gmail.com,HỢP LỆ,lead_1791426931817_79v791,rcpt_1791426931818_3arbft
08/10/2026 09:35:38,NP-2026-1392,Cao quốc khánh,0912290177,000921,ELINK,caọhanh1987@gmail.con,HỢP LỆ,lead_1791426938564_4sti7y,rcpt_1791426938564_prbr01
08/10/2026 09:35:39,NP-2026-1393,Nguyễn Tấn Lộc,0903970798,004313,VIET NAM PROPERTY,nguyentanloc0101@gmail.com,HỢP LỆ,lead_1791426939333_okzag3,rcpt_1791426939333_dkqavw
08/10/2026 09:35:43,NP-2026-1394,Nguyễn Bá Ái,0909396962,016960,ELINK,ainguyen552@gmail.com,HỢP LỆ,lead_1791426943623_wumqpt,rcpt_1791426943623_ep8wlb
08/10/2026 09:35:46,NP-2026-1395,Trần Hoàng Minh Trí,0971815428,000618,VIỆT NAM LAND,minhtri130702@gmail.com,HỢP LỆ,lead_1791426946538_04b2sq,rcpt_1791426946538_ixsidq
08/10/2026 09:36:01,NP-2026-1396,Phạm Văn Tuyên,0987999963,004718,NOVAZON,tuyenkaka22@gmqil.com,HỢP LỆ,lead_1791426961311_r4m1sp,rcpt_1791426961311_y6wr74
08/10/2026 09:36:04,NP-2026-1397,Võ Xuân Hoàng,0918488086,010396,NOVAZON,voxuanhoang13121991@gmail.com,HỢP LỆ,lead_1791426964719_uc2s3k,rcpt_1791426964719_sl6dd4
08/10/2026 09:36:08,NP-2026-1398,Nguyễn Hoàng Quân,0907664456,038659,CBC,hoangquan4456@gmail.com,HỢP LỆ,lead_1791426968928_tg32pt,rcpt_1791426968928_q9zpwq
08/10/2026 09:36:24,NP-2026-1399,Huỳnh Viết Châu,0941899393,015567,NOVAZON,huynhvietchau@gmail.com,HỢP LỆ,lead_1791426984754_d8konx,rcpt_1791426984754_nf421x
08/10/2026 09:36:30,NP-2026-1400,Lưu thị thương,0935723779,012899,NOVAZON,,HỢP LỆ,lead_1791426990582_msrg03,rcpt_1791426990582_y9l0r9
08/10/2026 09:36:49,NP-2026-1401,Nguyễn Thiên Hương,0948760546,009661,MEGA REALTY,nguyenthienhuong0710@gmail.com,HỢP LỆ,lead_1791427009889_z10hzp,rcpt_1791427009889_i9jw2l
08/10/2026 09:36:52,NP-2026-1402,NGUYỄN HÀ BĂNG CHÂU,0902672374,015977,LT LUXURY,,HỢP LỆ,lead_1791427012354_3wy2pb,rcpt_1791427012354_ljhm5n
08/10/2026 09:37:08,NP-2026-1403,Võ Xuân Thịnh,0908487943,012958,NOVAZON,,HỢP LỆ,lead_1791427028979_zgvky3,rcpt_1791427028979_g2ro7y
08/10/2026 09:37:18,NP-2026-1404,Võ Ngọc Yến Mai,0777080296,009157,T&A,vongocyenmai12345@gmail.com,HỢP LỆ,lead_1791427038420_9ndzqv,rcpt_1791427038420_qmbdwn
08/10/2026 09:37:19,NP-2026-1405,Man Hữu Hiệp,0906353967,022627,BAM LAND,manhuuhiep@gmail.com,HỢP LỆ,lead_1791427039172_64t2q3,rcpt_1791427039172_6jtq21
08/10/2026 09:37:25,NP-2026-1406,Nguyễn Lê Nhung,0935061086,000937,ĐÔNG TÂY LAND,rosesummer269@gmail.com,HỢP LỆ,lead_1791427045852_nd02n6,rcpt_1791427045852_em02ux
08/10/2026 09:37:42,NP-2026-1407,Đỗ Xuân Vũ,0901366992,013679,PQR,dogiabds@gmail.com,HỢP LỆ,lead_1791427062782_8ziypf,rcpt_1791427062782_4apl77
08/10/2026 09:38:04,NP-2026-1408,TRẦN THANH TOÀN,0938965818,007347,EMG,toantran.111986@gmail.com,HỢP LỆ,lead_1791427084496_m9tjsk,rcpt_1791427084496_b00qmw
08/10/2026 09:38:09,NP-2026-1409,Nguyễn Thị Diệu Ảnh,0903784736,009346,EMG,nguyendieuanh002@gmail.com,HỢP LỆ,lead_1791427089596_mav718,rcpt_1791427089596_4k5lje
08/10/2026 09:38:27,NP-2026-1410,NGUYỄN VŨ LINH,0977672312,006544,PQR,nguyenvulinh55@gmail.com,HỢP LỆ,lead_1791427107930_2jtbxy,rcpt_1791427107930_hlrm99
08/10/2026 09:38:44,NP-2026-1411,Đào Dũng,0934665625,012546,KHẢI MINH LAND,daodungtp85@gmail.com,HỢP LỆ,lead_1791427124924_6em6y8,rcpt_1791427124924_z17zan
08/10/2026 09:38:45,NP-2026-1412,Nguyễn Hoàng Khả Ái,0853552919,011451,CBRE,,HỢP LỆ,lead_1791427125610_hixve8,rcpt_1791427125610_4vpkrs
08/10/2026 09:38:51,NP-2026-1413,Lê Thế Hiển,0904880039,006100,NOVAZON,,HỢP LỆ,lead_1791427131179_0d3stu,rcpt_1791427131179_ilmi4z
08/10/2026 09:38:53,NP-2026-1414,NGUYỄN ĐỨC PHUCX,0972159346,008364,VIET NAM PROPERTY,phucnd1010@gmail.com,HỢP LỆ,lead_1791427133486_wixbng,rcpt_1791427133486_pj0fih
08/10/2026 09:39:09,NP-2026-1415,Đặng Thanh Tiến,0906663347,011750,ĐÔNG TÂY LAND,thanhtien5669@gmail.com,HỢP LỆ,lead_1791427149167_zl8d5f,rcpt_1791427149167_o2qsx8
08/10/2026 09:39:13,NP-2026-1416,Phạm Tấn Phú,0931317261,012200,MAINLAND,tanphu3112@gmail.com,HỢP LỆ,lead_1791427153287_wmas1n,rcpt_1791427153287_xk64cc
08/10/2026 09:39:15,NP-2026-1417,Nguyen Thi Hong Vy,0933800875,003759,NOVAZON,ivyng275@gmail.com,HỢP LỆ,lead_1791427155190_pnk8cg,rcpt_1791427155190_a5qftf
08/10/2026 09:39:15,NP-2026-1418,Vũ Đức Tín,0989469913,003004,T&A,tin.vuducland@gmail.com,HỢP LỆ,lead_1791427155389_h0x3ts,rcpt_1791427155389_f9lk8j
08/10/2026 09:39:47,NP-2026-1419,Huỳnh Nhi,0708817886,006294,ĐÔNG TÂY LAND,tuyetnhi.vn156@gmail.com,HỢP LỆ,lead_1791427187816_enbo3p,rcpt_1791427187816_bq1ql6
08/10/2026 09:40:08,NP-2026-1420,Trần Triển,0396414504,004084,PITALAND,dmx.trantrien@gmail.com,HỢP LỆ,lead_1791427208638_mrxrna,rcpt_1791427208638_ungadq